timestamp,size
1775423418262,23552
1775423418870,23552
1775423418872,292352
1775423418873,201216
1775423418874,112640
1775423418874,1536
1775423418874,44544
1775423418875,67072
1775423418878,380928
1775423418879,203264
1775423418880,111616
1775423418883,500224
1775423418886,470016
1775423419466,134656
1775423419468,314880
1775423419469,223744
1775423419470,157184
1775423419472,247296
1775423419474,500224
1775423419476,291328
1775423419479,380928
1775423419481,470016
1775423419484,500224
1775423419487,500224
1775423419489,335872
1775423419491,425472
1775423419494,500224
1775423419498,500224
1775423420069,500224
1775423420074,500224
1775423420078,500224
1775423420083,500224
1775423420087,500224
1775423420091,500224
1775423420095,500224
1775423420097,500224
1775423420101,500224
1775423420110,500224
1775423420117,500224
1775423420120,500224
1775423420122,500224
1775423420125,500224
1775423420128,500224
1775423420130,500224
1775423420133,500224
1775423420671,500224
1775423420674,500224
1775423420677,500224
1775423420680,500224
1775423420683,500224
1775423420686,500224
1775423420688,500224
1775423420690,500224
1775423420692,500224
1775423420695,500224
1775423420698,500224
1775423420700,500224
1775423420703,500224
1775423420706,500224
1775423420708,500224
1775423420710,500224
1775423420715,500224
1775423420718,500224
1775423420721,500224
1775423420723,500224
1775423420726,500224
1775423420729,500224
1775423421274,500224
1775423421277,500224
1775423421280,500224
1775423421283,500224
1775423421285,500224
1775423421287,500224
1775423421289,500224
1775423421292,500224
1775423421295,500224
1775423421298,500224
1775423421300,500224
1775423421302,500224
1775423421305,500224
1775423421308,500224
1775423421311,500224
1775423421314,500224
1775423421316,500224
1775423421319,500224
1775423421322,500224
1775423421324,500224
1775423421327,500224
1775423421331,500224
1775423421334,500224
1775423421337,500224
1775423421339,500224
1775423421341,500224
1775423421344,500224
1775423421346,500224
1775423421348,500224
1775423421876,500224
1775423421881,500224
1775423421885,500224
1775423421888,500224
1775423421893,500224
1775423421897,500224
1775423421900,500224
1775423421904,500224
1775423421908,500224
1775423421912,500224
1775423421917,500224
1775423421921,500224
1775423421924,500224
1775423421929,500224
1775423421932,500224
1775423421934,500224
1775423421937,500224
1775423421940,500224
1775423421942,500224
1775423421945,500224
1775423421949,500224
1775423421952,500224
1775423421954,500224
1775423421959,500224
1775423421961,500224
1775423421962,500224
1775423421964,500224
1775423421967,500224
1775423421968,500224
1775423421970,500224
1775423421973,500224
1775423421975,500224
1775423421976,500224
1775423421978,500224
1775423421979,500224
1775423422476,500224
1775423422479,500224
1775423422481,500224
1775423422485,500224
1775423422492,500224
1775423422498,500224
1775423422501,500224
1775423422503,500224
1775423422505,500224
1775423422507,500224
1775423422509,500224
1775423422511,500224
1775423422513,500224
1775423422516,500224
1775423422520,500224
1775423422522,500224
1775423422525,500224
1775423422528,500224
1775423422530,500224
1775423422532,500224
1775423422534,500224
1775423422536,500224
1775423422537,500224
1775423422540,500224
1775423422542,500224
1775423422544,500224
1775423422546,500224
1775423422548,500224
1775423422550,500224
1775423422553,500224
1775423422557,500224
1775423422561,500224
1775423422564,500224
1775423422567,500224
1775423422570,500224
1775423422573,500224
1775423422576,500224
1775423422579,500224
1775423422582,500224
1775423422588,500224
1775423422590,500224
1775423422593,500224
1775423423079,500224
1775423423085,500224
1775423423090,500224
1775423423094,500224
1775423423098,500224
1775423423103,500224
1775423423106,500224
1775423423110,500224
1775423423112,500224
1775423423117,500224
1775423423120,500224
1775423423124,500224
1775423423128,500224
1775423423131,500224
1775423423135,500224
1775423423138,500224
1775423423142,500224
1775423423144,500224
1775423423148,500224
1775423423150,500224
1775423423152,500224
1775423423155,500224
1775423423157,500224
1775423423159,500224
1775423423161,500224
1775423423163,500224
1775423423166,500224
1775423423168,500224
1775423423169,500224
1775423423173,500224
1775423423174,500224
1775423423175,500224
1775423423179,500224
1775423423181,500224
1775423423184,500224
1775423423186,500224
1775423423189,500224
1775423423191,500224
1775423423192,500224
1775423423194,500224
1775423423198,500224
1775423423199,500224
1775423423201,500224
1775423423680,500224
1775423423686,500224
1775423423689,500224
1775423423692,500224
1775423423695,500224
1775423423698,500224
1775423423700,500224
1775423423702,500224
1775423423704,500224
1775423423706,500224
1775423423708,500224
1775423423711,500224
1775423423713,500224
1775423423715,500224
1775423423718,500224
1775423423721,500224
1775423423724,500224
1775423423726,500224
1775423423731,500224
1775423423734,500224
1775423423737,500224
1775423423740,500224
1775423423743,500224
1775423423746,500224
1775423423753,500224
1775423423756,500224
1775423423758,500224
1775423423761,500224
1775423423764,500224
1775423423766,500224
1775423423768,500224
1775423423770,500224
1775423423772,500224
1775423423775,500224
1775423423778,500224
1775423423781,500224
1775423423783,500224
1775423423784,500224
1775423423786,500224
1775423423789,500224
1775423423791,500224
1775423423793,500224
1775423423796,500224
1775423423798,500224
1775423423800,500224
1775423423803,500224
1775423423806,500224
1775423423809,500224
1775423423811,500224
1775423423814,500224
1775423424281,500224
1775423424284,500224
1775423424287,500224
1775423424290,500224
1775423424293,500224
1775423424295,500224
1775423424298,500224
1775423424301,500224
1775423424304,500224
1775423424306,500224
1775423424309,500224
1775423424312,500224
1775423424315,500224
1775423424318,500224
1775423424322,500224
1775423424324,500224
1775423424326,500224
1775423424328,500224
1775423424330,500224
1775423424332,500224
1775423424333,500224
1775423424335,500224
1775423424337,500224
1775423424339,500224
1775423424340,500224
1775423424342,500224
1775423424344,500224
1775423424347,500224
1775423424349,500224
1775423424351,500224
1775423424353,500224
1775423424354,500224
1775423424356,500224
1775423424358,500224
1775423424360,500224
1775423424361,500224
1775423424363,500224
1775423424368,500224
1775423424370,500224
1775423424373,500224
1775423424375,500224
1775423424376,500224
1775423424377,500224
1775423424379,500224
1775423424383,500224
1775423424386,500224
1775423424389,500224
1775423424883,500224
1775423424886,500224
1775423424889,500224
1775423424892,500224
1775423424895,500224
1775423424898,500224
1775423424900,500224
1775423424903,500224
1775423424906,500224
1775423424908,500224
1775423424913,500224
1775423424917,500224
1775423424920,500224
1775423424924,500224
1775423424926,500224
1775423424932,500224
1775423424934,500224
1775423424936,500224
1775423424939,500224
1775423424941,500224
1775423424948,500224
1775423424952,500224
1775423424954,500224
1775423424956,500224
1775423424958,500224
1775423424960,500224
1775423424963,500224
1775423424966,500224
1775423424969,500224
1775423424971,500224
1775423424973,500224
1775423424975,500224
1775423424977,500224
1775423424979,500224
1775423424980,500224
1775423424982,500224
1775423424985,500224
1775423424987,500224
1775423424989,500224
1775423424992,500224
1775423424994,500224
1775423424996,500224
1775423424997,500224
1775423424999,500224
1775423425001,500224
1775423425003,500224
1775423425005,500224
1775423425007,500224
1775423425484,500224
1775423425487,500224
1775423425490,500224
1775423425493,500224
1775423425496,500224
1775423425499,500224
1775423425503,500224
1775423425506,500224
1775423425509,500224
1775423425511,500224
1775423425514,500224
1775423425516,500224
1775423425518,500224
1775423425521,500224
1775423425524,500224
1775423425527,500224
1775423425529,500224
1775423425533,500224
1775423425536,500224
1775423425539,500224
1775423425541,500224
1775423425543,500224
1775423425545,500224
1775423425547,500224
1775423425549,500224
1775423425551,500224
1775423425552,500224
1775423425553,500224
1775423425555,500224
1775423425557,500224
1775423425559,500224
1775423425567,500224
1775423425568,500224
1775423425572,500224
1775423425574,500224
1775423425575,500224
1775423425577,500224
1775423425579,500224
1775423425581,500224
1775423425582,500224
1775423425584,500224
1775423425587,500224
1775423425589,500224
1775423425591,500224
1775423425593,500224
1775423425596,500224
1775423425598,500224
1775423425601,500224
1775423425604,500224
1775423425606,500224
1775423425609,500224
1775423425611,500224
1775423425612,500224
1775423425614,500224
1775423425616,500224
1775423425618,500224
1775423425620,500224
1775423426085,500224
1775423426089,500224
1775423426092,500224
1775423426096,500224
1775423426098,500224
1775423426100,500224
1775423426103,500224
1775423426106,500224
1775423426111,500224
1775423426118,500224
1775423426121,500224
1775423426124,500224
1775423426126,500224
1775423426128,500224
1775423426130,500224
1775423426133,500224
1775423426135,500224
1775423426138,500224
1775423426139,500224
1775423426142,500224
1775423426144,500224
1775423426146,500224
1775423426148,500224
1775423426149,500224
1775423426151,500224
1775423426153,500224
1775423426155,500224
1775423426156,500224
1775423426158,500224
1775423426159,500224
1775423426161,500224
1775423426163,500224
1775423426164,500224
1775423426167,500224
1775423426170,500224
1775423426173,500224
1775423426176,500224
1775423426179,500224
1775423426181,500224
1775423426183,500224
1775423426186,500224
1775423426189,500224
1775423426191,500224
1775423426194,500224
1775423426197,500224
1775423426199,500224
1775423426201,500224
1775423426207,500224
1775423426210,500224
1775423426213,500224
1775423426215,500224
1775423426218,500224
1775423426221,500224
1775423426223,500224
1775423426226,500224
1775423426229,500224
1775423426231,500224
1775423426680,500224
1775423426683,500224
1775423426687,500224
1775423426691,500224
1775423426693,500224
1775423426696,500224
1775423426699,500224
1775423426701,500224
1775423426704,500224
1775423426707,500224
1775423426710,500224
1775423426713,500224
1775423426715,500224
1775423426716,500224
1775423426720,500224
1775423426723,500224
1775423426727,500224
1775423426730,500224
1775423426733,500224
1775423426735,500224
1775423426738,500224
1775423426740,500224
1775423426742,500224
1775423426744,500224
1775423426746,500224
1775423426748,500224
1775423426750,500224
1775423426753,500224
1775423426755,500224
1775423426756,500224
1775423426758,500224
1775423426759,500224
1775423426761,500224
1775423426762,500224
1775423426764,500224
1775423426768,500224
1775423426771,500224
1775423426777,500224
1775423426779,500224
1775423426780,500224
1775423426782,500224
1775423426783,500224
1775423426784,500224
1775423426786,500224
1775423426787,500224
1775423426788,500224
1775423426791,500224
1775423426794,500224
1775423426797,500224
1775423426800,500224
1775423426803,500224
1775423426805,500224
1775423426807,500224
1775423426808,500224
1775423426810,500224
1775423426812,500224
1775423426813,500224
1775423426816,500224
1775423427282,500224
1775423427285,500224
1775423427287,500224
1775423427289,500224
1775423427292,500224
1775423427294,500224
1775423427299,500224
1775423427304,500224
1775423427308,500224
1775423427312,500224
1775423427315,500224
1775423427321,500224
1775423427327,500224
1775423427336,500224
1775423427340,500224
1775423427344,500224
1775423427348,500224
1775423427352,500224
1775423427356,500224
1775423427360,500224
1775423427364,500224
1775423427368,500224
1775423427372,500224
1775423427376,500224
1775423427378,500224
1775423427380,500224
1775423427381,500224
1775423427384,500224
1775423427388,500224
1775423427390,500224
1775423427393,500224
1775423427396,500224
1775423427399,500224
1775423427401,500224
1775423427403,500224
1775423427406,500224
1775423427409,500224
1775423427410,500224
1775423427414,500224
1775423427417,500224
1775423427420,500224
1775423427422,500224
1775423427429,500224
1775423427432,500224
1775423427433,500224
1775423427437,500224
1775423427440,500224
1775423427445,500224
1775423427452,500224
1775423427458,500224
1775423427462,500224
1775423427466,500224
1775423427469,500224
1775423427473,500224
1775423427474,500224
1775423427476,500224
1775423428487,500224
1775423428489,500224
1775423428491,500224
1775423428495,500224
1775423428499,500224
1775423428502,500224
1775423428506,500224
1775423428510,500224
1775423428529,500224
1775423428534,500224
1775423428538,500224
1775423428543,500224
1775423428546,500224
1775423428549,500224
1775423428553,500224
1775423428557,500224
1775423428561,500224
1775423428565,500224
1775423428568,500224
1775423428572,500224
1775423428574,500224
1775423428578,500224
1775423428580,500224
1775423428584,500224
1775423428586,500224
1775423428588,500224
1775423428590,500224
1775423428592,500224
1775423428596,500224
1775423428600,500224
1775423428605,500224
1775423428609,500224
1775423428612,500224
1775423428620,500224
1775423428625,500224
1775423428629,500224
1775423428631,500224
1775423428635,500224
1775423428639,500224
1775423428641,500224
1775423428644,500224
1775423428646,500224
1775423428648,500224
1775423428651,500224
1775423428653,500224
1775423428655,500224
1775423428657,500224
1775423428658,500224
1775423428660,500224
1775423428662,500224
1775423428663,500224
1775423428666,500224
1775423428670,500224
1775423428674,500224
1775423428676,500224
1775423428678,500224
1775423428681,500224
1775423428686,500224
1775423428690,500224
1775423428694,500224
1775423428697,500224
1775423428699,500224
1775423428701,500224
1775423428706,500224
1775423428711,500224
1775423428715,500224
1775423428719,500224
1775423428723,500224
1775423428727,500224
1775423428731,500224
1775423428734,500224
1775423428737,500224
1775423428740,500224
1775423428742,500224
1775423428745,500224
1775423428748,500224
1775423428751,500224
1775423428752,500224
1775423428756,500224
1775423428759,500224
1775423428761,500224
1775423428764,500224
1775423428766,500224
1775423428768,500224
1775423428770,500224
1775423428772,500224
1775423428773,500224
1775423428775,500224
1775423428777,500224
1775423428779,500224
1775423428780,500224
1775423428782,500224
1775423428784,500224
1775423428787,500224
1775423428790,500224
1775423428793,500224
1775423428795,500224
1775423428798,500224
1775423428801,500224
1775423428804,500224
1775423428806,500224
1775423428810,500224
1775423428814,500224
1775423428819,500224
1775423428821,500224
1775423428823,500224
1775423428827,500224
1775423428830,500224
1775423428833,500224
1775423428837,500224
1775423428841,500224
1775423428845,500224
1775423428849,500224
1775423428852,500224
1775423428855,500224
1775423428859,500224
1775423428864,500224
1775423428866,500224
1775423428872,500224
1775423429088,500224
1775423429092,500224
1775423429096,500224
1775423429100,500224
1775423429104,500224
1775423429108,500224
1775423429112,500224
1775423429116,500224
1775423429119,500224
1775423429123,500224
1775423429127,500224
1775423429130,500224
1775423429133,500224
1775423429137,500224
1775423429140,500224
1775423429144,500224
1775423429146,500224
1775423429149,500224
1775423429152,500224
1775423429154,500224
1775423429158,500224
1775423429161,500224
1775423429164,500224
1775423429166,500224
1775423429169,500224
1775423429172,500224
1775423429174,500224
1775423429175,500224
1775423429178,500224
1775423429181,500224
1775423429182,500224
1775423429186,500224
1775423429189,500224
1775423429193,500224
1775423429195,500224
1775423429197,500224
1775423429199,500224
1775423429203,500224
1775423429206,500224
1775423429208,500224
1775423429211,500224
1775423429214,500224
1775423429215,500224
1775423429216,500224
1775423429218,500224
1775423429219,500224
1775423429220,500224
1775423429223,500224
1775423429226,500224
1775423429230,500224
1775423429233,500224
1775423429235,500224
1775423429238,500224
1775423429239,500224
1775423429241,500224
1775423429242,500224
1775423429245,500224
1775423429248,500224
1775423429250,500224
1775423429690,500224
1775423429696,500224
1775423429702,500224
1775423429705,500224
1775423429709,500224
1775423429712,500224
1775423429715,500224
1775423429718,500224
1775423429721,500224
1775423429724,500224
1775423429729,500224
1775423429731,500224
1775423429733,500224
1775423429737,500224
1775423429739,500224
1775423429741,500224
1775423429744,500224
1775423429746,500224
1775423429750,500224
1775423429754,500224
1775423429756,500224
1775423429757,500224
1775423429759,500224
1775423429763,500224
1775423429765,500224
1775423429767,500224
1775423429768,500224
1775423429770,500224
1775423429772,500224
1775423429774,500224
1775423429776,500224
1775423429777,500224
1775423429779,500224
1775423429781,500224
1775423429782,500224
1775423429783,500224
1775423429784,500224
1775423429788,500224
1775423429790,500224
1775423429792,500224
1775423429793,500224
1775423429795,500224
1775423429798,500224
1775423429800,500224
1775423429803,500224
1775423429806,500224
1775423429810,500224
1775423429813,500224
1775423429816,500224
1775423429820,500224
1775423429824,500224
1775423429827,500224
1775423429830,500224
1775423429835,500224
1775423429838,500224
1775423429840,500224
1775423429842,500224
1775423429845,500224
1775423429849,500224
1775423429852,500224
1775423429856,500224
1775423429860,500224
1775423429862,500224
1775423429864,500224
1775423429866,500224
1775423429870,500224
1775423429875,500224
1775423429882,500224
1775423429888,500224
1775423430289,500224
1775423430291,500224
1775423430300,500224
1775423430304,500224
1775423430309,500224
1775423430317,500224
1775423430321,500224
1775423430325,500224
1775423430327,500224
1775423430329,500224
1775423430332,500224
1775423430336,500224
1775423430339,500224
1775423430343,500224
1775423430346,500224
1775423430349,500224
1775423430351,500224
1775423430353,500224
1775423430356,500224
1775423430358,500224
1775423430360,500224
1775423430363,500224
1775423430365,500224
1775423430367,500224
1775423430370,500224
1775423430372,500224
1775423430374,500224
1775423430376,500224
1775423430378,500224
1775423430380,500224
1775423430382,500224
1775423430386,500224
1775423430389,500224
1775423430394,500224
1775423430396,500224
1775423430400,500224
1775423430402,500224
1775423430405,500224
1775423430412,500224
1775423430422,500224
1775423430430,500224
1775423430433,500224
1775423430437,500224
1775423430441,500224
1775423430443,500224
1775423430445,500224
1775423430449,500224
1775423430451,500224
1775423430453,500224
1775423430455,500224
1775423430457,500224
1775423430459,500224
1775423430460,500224
1775423430462,500224
1775423430463,500224
1775423430893,500224
1775423430896,500224
1775423430899,500224
1775423430901,500224
1775423430902,500224
1775423430906,500224
1775423430908,500224
1775423430910,500224
1775423430914,500224
1775423430915,500224
1775423430917,500224
1775423430919,500224
1775423430923,500224
1775423430927,500224
1775423430930,500224
1775423430933,500224
1775423430935,500224
1775423430937,500224
1775423430940,500224
1775423430943,500224
1775423430946,500224
1775423430951,500224
1775423430959,500224
1775423430961,500224
1775423430963,500224
1775423430964,500224
1775423430970,500224
1775423430980,500224
1775423430985,500224
1775423430989,500224
1775423430993,500224
1775423430996,500224
1775423430999,500224
1775423431002,500224
1775423431005,500224
1775423431007,500224
1775423431011,500224
1775423431013,500224
1775423431015,500224
1775423431017,500224
1775423431018,500224
1775423431021,500224
1775423431022,500224
1775423431025,500224
1775423431028,500224
1775423431030,500224
1775423431033,500224
1775423431034,500224
1775423431037,500224
1775423431039,500224
1775423431041,500224
1775423431043,500224
1775423431045,500224
1775423431048,500224
1775423431056,500224
1775423431060,500224
1775423431063,500224
1775423431065,500224
1775423431067,500224
1775423431068,500224
1775423431070,500224
1775423431071,500224
1775423431074,500224
1775423431077,500224
1775423431078,500224
1775423431081,500224
1775423431083,500224
1775423431494,500224
1775423431497,500224
1775423431500,500224
1775423431506,500224
1775423431509,500224
1775423431511,500224
1775423431513,500224
1775423431516,500224
1775423431519,500224
1775423431520,500224
1775423431522,500224
1775423431524,500224
1775423431528,500224
1775423431531,500224
1775423431533,500224
1775423431535,500224
1775423431538,500224
1775423431541,500224
1775423431543,500224
1775423431545,500224
1775423431548,500224
1775423431551,500224
1775423431555,500224
1775423431559,500224
1775423431563,500224
1775423431567,500224
1775423431570,500224
1775423431573,500224
1775423431575,500224
1775423431577,500224
1775423431579,500224
1775423431581,500224
1775423431582,500224
1775423431587,500224
1775423431590,500224
1775423431593,500224
1775423431596,500224
1775423431599,500224
1775423431602,500224
1775423431604,500224
1775423431607,500224
1775423431610,500224
1775423431612,500224
1775423431613,500224
1775423431616,500224
1775423431620,500224
1775423431623,500224
1775423431625,500224
1775423431628,500224
1775423431630,500224
1775423431633,500224
1775423431636,500224
1775423431638,500224
1775423431640,500224
1775423431641,500224
1775423431643,500224
1775423431644,500224
1775423431645,500224
1775423432100,500224
1775423432104,500224
1775423432106,500224
1775423432109,500224
1775423432111,500224
1775423432113,500224
1775423432115,500224
1775423432116,500224
1775423432118,500224
1775423432121,500224
1775423432123,500224
1775423432126,500224
1775423432128,500224
1775423432131,500224
1775423432135,500224
1775423432138,500224
1775423432141,500224
1775423432144,500224
1775423432148,500224
1775423432151,500224
1775423432153,500224
1775423432155,500224
1775423432157,500224
1775423432161,500224
1775423432166,500224
1775423432171,500224
1775423432175,500224
1775423432178,500224
1775423432181,500224
1775423432184,500224
1775423432191,500224
1775423432194,500224
1775423432197,500224
1775423432200,500224
1775423432202,500224
1775423432205,500224
1775423432208,500224
1775423432210,500224
1775423432212,500224
1775423432214,500224
1775423432217,500224
1775423432219,500224
1775423432221,500224
1775423432223,500224
1775423432227,500224
1775423432229,500224
1775423432233,500224
1775423432236,500224
1775423432239,500224
1775423432241,500224
1775423432244,500224
1775423432247,500224
1775423432250,500224
1775423432253,500224
1775423432255,500224
1775423432258,500224
1775423432260,500224
1775423432262,500224
1775423432264,500224
1775423432266,500224
1775423432268,500224
1775423432270,500224
1775423432272,500224
1775423432275,500224
1775423432277,500224
1775423432279,500224
1775423432676,500224
1775423432679,500224
1775423432680,500224
1775423432682,500224
1775423432686,500224
1775423432688,500224
1775423432691,500224
1775423432694,500224
1775423432696,500224
1775423432698,500224
1775423432699,500224
1775423432701,500224
1775423432702,500224
1775423432706,500224
1775423432709,500224
1775423432711,500224
1775423432714,500224
1775423432717,500224
1775423432719,500224
1775423432723,500224
1775423432725,500224
1775423432728,500224
1775423432731,500224
1775423432734,500224
1775423432736,500224
1775423432739,500224
1775423432742,500224
1775423432744,500224
1775423432747,500224
1775423432750,500224
1775423432752,500224
1775423432755,500224
1775423432757,500224
1775423432759,500224
1775423432763,500224
1775423432766,500224
1775423432768,500224
1775423432771,500224
1775423432773,500224
1775423432775,500224
1775423432777,500224
1775423432780,500224
1775423432782,500224
1775423432784,500224
1775423432786,500224
1775423432789,500224
1775423432792,500224
1775423432795,500224
1775423432797,500224
1775423432799,500224
1775423432800,500224
1775423432802,500224
1775423432803,500224
1775423432805,500224
1775423432807,500224
1775423432808,500224
1775423432810,500224
1775423432811,500224
1775423432813,500224
1775423432815,500224
1775423433283,500224
1775423433286,500224
1775423433288,500224
1775423433290,500224
1775423433292,500224
1775423433294,500224
1775423433296,500224
1775423433298,500224
1775423433299,500224
1775423433301,500224
1775423433303,500224
1775423433304,500224
1775423433306,500224
1775423433308,500224
1775423433309,500224
1775423433311,500224
1775423433313,500224
1775423433317,500224
1775423433322,500224
1775423433325,500224
1775423433327,500224
1775423433330,500224
1775423433333,500224
1775423433336,500224
1775423433338,500224
1775423433341,500224
1775423433343,500224
1775423433346,500224
1775423433348,500224
1775423433350,500224
1775423433352,500224
1775423433353,500224
1775423433354,500224
1775423433356,500224
1775423433357,500224
1775423433358,500224
1775423433359,500224
1775423433361,500224
1775423433363,500224
1775423433365,500224
1775423433366,500224
1775423433368,500224
1775423433370,500224
1775423433372,500224
1775423433373,500224
1775423433375,500224
1775423433378,500224
1775423433380,500224
1775423433382,500224
1775423433383,500224
1775423433384,500224
1775423433386,500224
1775423433387,500224
1775423433388,500224
1775423433390,500224
1775423433391,500224
1775423433392,500224
1775423433393,500224
1775423433401,500224
1775423433404,500224
1775423433406,500224
1775423433409,500224
1775423433412,500224
1775423433414,500224
1775423433418,500224
1775423433421,500224
1775423433424,500224
1775423433426,500224
1775423433427,500224
1775423433428,500224
1775423433430,500224
1775423433431,500224
1775423433433,500224
1775423433435,500224
1775423433436,500224
1775423433438,500224
1775423433439,500224
1775423433880,500224
1775423433883,500224
1775423433884,500224
1775423433888,500224
1775423433894,500224
1775423433896,500224
1775423433899,500224
1775423433901,500224
1775423433903,500224
1775423433906,500224
1775423433908,500224
1775423433910,500224
1775423433912,500224
1775423433914,500224
1775423433916,500224
1775423433918,500224
1775423433920,500224
1775423433921,500224
1775423433923,500224
1775423433925,500224
1775423433926,500224
1775423433928,500224
1775423433929,500224
1775423433930,500224
1775423433932,500224
1775423433933,500224
1775423433935,500224
1775423433938,500224
1775423433940,500224
1775423433942,500224
1775423433944,500224
1775423433945,500224
1775423433948,500224
1775423433953,500224
1775423433955,500224
1775423433958,500224
1775423433960,500224
1775423433967,500224
1775423433971,500224
1775423433973,500224
1775423433975,500224
1775423433977,500224
1775423433981,500224
1775423433985,500224
1775423433988,500224
1775423433991,500224
1775423433994,500224
1775423433997,500224
1775423433999,500224
1775423434000,500224
1775423434003,500224
1775423434005,500224
1775423434008,500224
1775423434011,500224
1775423434014,500224
1775423434017,500224
1775423434019,500224
1775423434021,500224
1775423434023,500224
1775423434025,500224
1775423434026,500224
1775423434027,500224
1775423434479,500224
1775423434485,500224
1775423434488,500224
1775423434498,500224
1775423434502,500224
1775423434505,500224
1775423434507,500224
1775423434509,500224
1775423434511,500224
1775423434514,500224
1775423434515,500224
1775423434516,500224
1775423434518,500224
1775423434520,500224
1775423434523,500224
1775423434526,500224
1775423434528,500224
1775423434531,500224
1775423434534,500224
1775423434537,500224
1775423434539,500224
1775423434541,500224
1775423434543,500224
1775423434546,500224
1775423434549,500224
1775423434553,500224
1775423434555,500224
1775423434556,500224
1775423434558,500224
1775423434561,500224
1775423434563,500224
1775423434564,500224
1775423434566,500224
1775423434570,500224
1775423434572,500224
1775423434575,500224
1775423434577,500224
1775423434578,500224
1775423434580,500224
1775423434584,500224
1775423434586,500224
1775423434589,500224
1775423434591,500224
1775423434593,500224
1775423434594,500224
1775423434599,500224
1775423434602,500224
1775423434609,500224
1775423434615,500224
1775423434617,500224
1775423434619,500224
1775423434620,500224
1775423434621,500224
1775423434623,500224
1775423434624,500224
1775423434628,500224
1775423434632,500224
1775423434634,500224
1775423434636,500224
1775423434637,500224
1775423434638,500224
1775423434641,500224
1775423434642,500224
1775423434644,500224
1775423434647,500224
1775423434650,500224
1775423434653,500224
1775423434656,500224
1775423434658,500224
1775423434660,500224
1775423435054,500224
1775423435056,500224
1775423435058,500224
1775423435062,500224
1775423435066,500224
1775423435068,500224
1775423435072,500224
1775423435074,500224
1775423435077,500224
1775423435080,500224
1775423435082,500224
1775423435085,500224
1775423435087,500224
1775423435088,500224
1775423435091,500224
1775423435092,500224
1775423435095,500224
1775423435102,500224
1775423435105,500224
1775423435109,500224
1775423435110,500224
1775423435112,500224
1775423435116,500224
1775423435119,500224
1775423435125,500224
1775423435128,500224
1775423435130,500224
1775423435134,500224
1775423435142,500224
1775423435145,500224
1775423435147,500224
1775423435150,500224
1775423435153,500224
1775423435155,500224
1775423435158,500224
1775423435160,500224
1775423435163,500224
1775423435166,500224
1775423435169,500224
1775423435171,500224
1775423435173,500224
1775423435175,500224
1775423435178,500224
1775423435182,500224
1775423435184,500224
1775423435188,500224
1775423435191,500224
1775423435193,500224
1775423435196,500224
1775423435198,500224
1775423435200,500224
1775423435203,500224
1775423435205,500224
1775423435208,500224
1775423435209,500224
1775423435214,500224
1775423435217,500224
1775423435219,500224
1775423435221,500224
1775423435222,500224
1775423435224,500224
1775423435226,500224
1775423435229,500224
1775423435231,500224
1775423435232,500224
1775423435234,500224
1775423435239,500224
1775423435243,500224
1775423435245,500224
1775423435247,500224
1775423435248,500224
1775423435250,500224
1775423435252,500224
1775423435253,500224
1775423435255,500224
1775423435257,500224
1775423435261,500224
1775423435264,500224
1775423435272,500224
1775423435274,500224
1775423435654,500224
1775423435657,500224
1775423435659,500224
1775423435661,500224
1775423435662,500224
1775423435667,500224
1775423435671,500224
1775423435674,500224
1775423435677,500224
1775423435680,500224
1775423435684,500224
1775423435686,500224
1775423435689,500224
1775423435691,500224
1775423435693,500224
1775423435695,500224
1775423435699,500224
1775423435701,500224
1775423435703,500224
1775423435705,500224
1775423435707,500224
1775423435709,500224
1775423435711,500224
1775423435712,500224
1775423435715,500224
1775423435717,500224
1775423435719,500224
1775423435720,500224
1775423435721,500224
1775423435723,500224
1775423435726,500224
1775423435728,500224
1775423435731,500224
1775423435733,500224
1775423435736,500224
1775423435738,500224
1775423435740,500224
1775423435744,500224
1775423435751,500224
1775423435753,500224
1775423435754,500224
1775423435755,500224
1775423435756,500224
1775423435758,500224
1775423435759,500224
1775423435762,500224
1775423435766,500224
1775423435767,500224
1775423435769,500224
1775423435771,500224
1775423435772,500224
1775423435774,500224
1775423435775,500224
1775423435779,500224
1775423435781,500224
1775423435782,500224
1775423435785,500224
1775423435787,500224
1775423435789,500224
1775423435791,500224
1775423435793,500224
1775423435799,500224
1775423435801,500224
1775423435804,500224
1775423435806,500224
1775423435808,500224
1775423435809,500224
1775423435812,500224
1775423435814,500224
1775423435816,500224
1775423435818,500224
1775423435821,500224
1775423435822,500224
1775423435824,500224
1775423435825,500224
1775423435826,500224
1775423435828,500224
1775423435829,500224
1775423435831,500224
1775423435832,500224
1775423436255,500224
1775423436256,500224
1775423436259,500224
1775423436260,500224
1775423436262,500224
1775423436265,500224
1775423436268,500224
1775423436272,500224
1775423436280,500224
1775423436283,500224
1775423436286,500224
1775423436289,500224
1775423436292,500224
1775423436294,500224
1775423436296,500224
1775423436298,500224
1775423436299,500224
1775423436301,500224
1775423436303,500224
1775423436305,500224
1775423436308,500224
1775423436311,500224
1775423436313,500224
1775423436316,500224
1775423436317,500224
1775423436319,500224
1775423436320,500224
1775423436323,500224
1775423436325,500224
1775423436326,500224
1775423436328,500224
1775423436329,500224
1775423436331,500224
1775423436334,500224
1775423436337,500224
1775423436338,500224
1775423436340,500224
1775423436341,500224
1775423436343,500224
1775423436346,500224
1775423436347,500224
1775423436351,500224
1775423436353,500224
1775423436356,500224
1775423436359,500224
1775423436360,500224
1775423436363,500224
1775423436366,500224
1775423436368,500224
1775423436370,500224
1775423436374,500224
1775423436379,500224
1775423436382,500224
1775423436383,500224
1775423436386,500224
1775423436389,500224
1775423436391,500224
1775423436394,500224
1775423436397,500224
1775423436399,500224
1775423436402,500224
1775423436405,500224
1775423436407,500224
1775423436410,500224
1775423436412,500224
1775423436417,500224
1775423436420,500224
1775423436423,500224
1775423436425,500224
1775423436428,500224
1775423436430,500224
1775423436433,500224
1775423436435,500224
1775423436437,500224
1775423436439,500224
1775423436441,500224
1775423436443,500224
1775423436445,500224
1775423436447,500224
1775423436449,500224
1775423436453,500224
1775423436456,500224
1775423436458,500224
1775423436461,500224
1775423436464,500224
1775423436466,500224
1775423436469,500224
1775423436472,500224
1775423436474,500224
1775423436859,500224
1775423436865,500224
1775423436869,500224
1775423436872,500224
1775423436876,500224
1775423436879,500224
1775423436882,500224
1775423436884,500224
1775423436890,500224
1775423436893,500224
1775423436895,500224
1775423436897,500224
1775423436899,500224
1775423436901,500224
1775423436904,500224
1775423436906,500224
1775423436908,500224
1775423436910,500224
1775423436919,500224
1775423436921,500224
1775423436924,500224
1775423436926,500224
1775423436930,500224
1775423436933,500224
1775423436937,500224
1775423436941,500224
1775423436942,500224
1775423436944,500224
1775423436945,500224
1775423436946,500224
1775423436947,500224
1775423436949,500224
1775423436950,500224
1775423436952,500224
1775423436955,500224
1775423436965,500224
1775423436968,500224
1775423436970,500224
1775423436972,500224
1775423436974,500224
1775423436976,500224
1775423436982,500224
1775423436985,500224
1775423436987,500224
1775423436990,500224
1775423436993,500224
1775423436996,500224
1775423436999,500224
1775423437001,500224
1775423437005,500224
1775423437008,500224
1775423437010,500224
1775423437011,500224
1775423437014,500224
1775423437016,500224
1775423437017,500224
1775423437018,500224
1775423437020,500224
1775423437021,500224
1775423437022,500224
1775423437023,500224
1775423437025,500224
1775423437026,500224
1775423437027,500224
1775423437028,500224
1775423437030,500224
1775423437031,500224
1775423437033,500224
1775423437034,500224
1775423437036,500224
1775423437040,500224
1775423437047,500224
1775423437049,500224
1775423437050,500224
1775423437051,500224
1775423437053,500224
1775423437054,500224
1775423437055,500224
1775423437057,500224
1775423437058,500224
1775423437059,500224
1775423437063,500224
1775423437067,500224
1775423437068,500224
1775423437069,500224
1775423437455,500224
1775423437457,500224
1775423437458,500224
1775423437460,500224
1775423437461,500224
1775423437463,500224
1775423437464,500224
1775423437466,500224
1775423437469,500224
1775423437471,500224
1775423437474,500224
1775423437477,500224
1775423437480,500224
1775423437483,500224
1775423437485,500224
1775423437488,500224
1775423437490,500224
1775423437492,500224
1775423437494,500224
1775423437497,500224
1775423437499,500224
1775423437501,500224
1775423437503,500224
1775423437505,500224
1775423437506,500224
1775423437508,500224
1775423437509,500224
1775423437511,500224
1775423437513,500224
1775423437515,500224
1775423437517,500224
1775423437521,500224
1775423437522,500224
1775423437524,500224
1775423437537,500224
1775423437540,500224
1775423437543,500224
1775423437545,500224
1775423437553,500224
1775423437555,500224
1775423437559,500224
1775423437561,500224
1775423437562,500224
1775423437564,500224
1775423437565,500224
1775423437567,500224
1775423437568,500224
1775423437570,500224
1775423437571,500224
1775423437572,500224
1775423437574,500224
1775423437575,500224
1775423437576,500224
1775423437578,500224
1775423437579,500224
1775423437580,500224
1775423437581,500224
1775423437583,500224
1775423437584,500224
1775423437587,500224
1775423437593,500224
1775423437594,500224
1775423437595,500224
1775423437597,500224
1775423437598,500224
1775423437599,500224
1775423437602,500224
1775423437605,500224
1775423437608,500224
1775423437610,500224
1775423437611,500224
1775423437612,500224
1775423437614,500224
1775423437615,500224
1775423437616,500224
1775423437618,500224
1775423437619,500224
1775423437622,500224
1775423437626,500224
1775423437628,500224
1775423437629,500224
1775423437630,500224
1775423437631,500224
1775423437634,500224
1775423437637,500224
1775423437641,500224
1775423437644,500224
1775423437653,500224
1775423437659,500224
1775423437661,500224
1775423437664,500224
1775423437666,500224
1775423437668,500224
1775423438058,500224
1775423438062,500224
1775423438069,500224
1775423438071,500224
1775423438074,500224
1775423438077,500224
1775423438079,500224
1775423438082,500224
1775423438084,500224
1775423438086,500224
1775423438088,500224
1775423438091,500224
1775423438093,500224
1775423438096,500224
1775423438099,500224
1775423438102,500224
1775423438104,500224
1775423438106,500224
1775423438109,500224
1775423438112,500224
1775423438114,500224
1775423438115,500224
1775423438117,500224
1775423438118,500224
1775423438122,500224
1775423438123,500224
1775423438133,500224
1775423438141,500224
1775423438144,500224
1775423438146,500224
1775423438150,500224
1775423438153,500224
1775423438156,500224
1775423438160,500224
1775423438162,500224
1775423438165,500224
1775423438169,500224
1775423438171,500224
1775423438173,500224
1775423438175,500224
1775423438176,500224
1775423438178,500224
1775423438180,500224
1775423438182,500224
1775423438186,500224
1775423438189,500224
1775423438190,500224
1775423438192,500224
1775423438195,500224
1775423438197,500224
1775423438198,500224
1775423438201,500224
1775423438203,500224
1775423438205,500224
1775423438207,500224
1775423438209,500224
1775423438211,500224
1775423438213,500224
1775423438216,500224
1775423438221,500224
1775423438225,500224
1775423438228,500224
1775423438231,500224
1775423438234,500224
1775423438236,500224
1775423438239,500224
1775423438240,500224
1775423438244,500224
1775423438247,500224
1775423438250,500224
1775423438258,500224
1775423438261,500224
1775423438263,500224
1775423438266,500224
1775423438268,500224
1775423438271,500224
1775423438273,500224
1775423438276,500224
1775423438277,500224
1775423438279,500224
1775423438281,500224
1775423438283,500224
1775423438284,500224
1775423438286,500224
1775423438287,500224
1775423438289,500224
1775423438290,500224
1775423438293,500224
1775423438295,500224
1775423438296,500224
1775423438298,500224
1775423438300,500224
1775423438302,500224
1775423438304,500224
1775423438306,500224
1775423438308,500224
1775423438659,500224
1775423438663,500224
1775423438666,500224
1775423438668,500224
1775423438677,500224
1775423438679,500224
1775423438681,500224
1775423438685,500224
1775423438687,500224
1775423438689,500224
1775423438690,500224
1775423438692,500224
1775423438693,500224
1775423438695,500224
1775423438696,500224
1775423438698,500224
1775423438699,500224
1775423438701,500224
1775423438702,500224
1775423438703,500224
1775423438705,500224
1775423438706,500224
1775423438707,500224
1775423438709,500224
1775423438711,500224
1775423438713,500224
1775423438715,500224
1775423438717,500224
1775423438718,500224
1775423438720,500224
1775423438727,500224
1775423438731,500224
1775423438734,500224
1775423438737,500224
1775423438741,500224
1775423438745,500224
1775423438748,500224
1775423438756,500224
1775423438758,500224
1775423438761,500224
1775423438763,500224
1775423438765,500224
1775423438766,500224
1775423438769,500224
1775423438771,500224
1775423438773,500224
1775423438776,500224
1775423438778,500224
1775423438782,500224
1775423438789,500224
1775423438792,500224
1775423438794,500224
1775423438796,500224
1775423438799,500224
1775423438801,500224
1775423438803,500224
1775423438805,500224
1775423438807,500224
1775423438808,500224
1775423438812,500224
1775423438815,500224
1775423438817,500224
1775423438820,500224
1775423438823,500224
1775423438825,500224
1775423438828,500224
1775423438830,500224
1775423438832,500224
1775423438838,500224
1775423438840,500224
1775423438842,500224
1775423438844,500224
1775423438852,500224
1775423438856,500224
1775423438862,500224
1775423438864,500224
1775423438868,500224
1775423438871,500224
1775423438874,500224
1775423438876,500224
1775423438879,500224
1775423438882,500224
1775423438884,500224
1775423438887,500224
1775423438891,500224
1775423438895,500224
1775423438898,500224
1775423438901,500224
1775423438903,500224
1775423438905,500224
1775423438906,500224
1775423438908,500224
1775423438909,500224
1775423438911,500224
1775423438912,500224
1775423438914,500224
1775423438915,500224
1775423438917,500224
1775423438918,500224
1775423438920,500224
1775423438921,500224
1775423438922,500224
1775423438924,500224
1775423438925,500224
1775423438926,500224
1775423438927,500224
1775423438929,500224
1775423438930,500224
1775423438931,500224
1775423438933,500224
1775423438934,500224
1775423438935,500224
1775423438936,500224
1775423438938,500224
1775423438939,500224
1775423439259,500224
1775423439262,500224
1775423439264,500224
1775423439265,500224
1775423439267,500224
1775423439268,500224
1775423439270,500224
1775423439272,500224
1775423439273,500224
1775423439275,500224
1775423439276,500224
1775423439278,500224
1775423439279,500224
1775423439280,500224
1775423439283,500224
1775423439286,500224
1775423439288,500224
1775423439290,500224
1775423439291,500224
1775423439293,500224
1775423439294,500224
1775423439295,500224
1775423439299,500224
1775423439300,500224
1775423439302,500224
1775423439305,500224
1775423439307,500224
1775423439310,500224
1775423439312,500224
1775423439314,500224
1775423439316,500224
1775423439318,500224
1775423439319,500224
1775423439321,500224
1775423439323,500224
1775423439324,500224
1775423439326,500224
1775423439328,500224
1775423439329,500224
1775423439331,500224
1775423439332,500224
1775423439334,500224
1775423439336,500224
1775423439337,500224
1775423439339,500224
1775423439340,500224
1775423439342,500224
1775423439344,500224
1775423439346,500224
1775423439348,500224
1775423439351,500224
1775423439357,500224
1775423439360,500224
1775423439363,500224
1775423439366,500224
1775423439369,500224
1775423439371,500224
1775423439372,500224
1775423439374,500224
1775423439377,500224
1775423439380,500224
1775423439382,500224
1775423439384,500224
1775423439385,500224
1775423439386,500224
1775423439389,500224
1775423439390,500224
1775423439396,500224
1775423439402,500224
1775423439404,500224
1775423439411,500224
1775423439413,500224
1775423439415,500224
1775423439416,500224
1775423439417,500224
1775423439419,500224
1775423439420,500224
1775423439421,500224
1775423439422,500224
1775423439424,500224
1775423439426,500224
1775423439427,500224
1775423439428,500224
1775423439429,500224
1775423439433,500224
1775423439436,500224
1775423439439,500224
1775423439442,500224
1775423439860,500224
1775423439863,500224
1775423439866,500224
1775423439871,500224
1775423439875,500224
1775423439877,500224
1775423439880,500224
1775423439884,500224
1775423439887,500224
1775423439889,500224
1775423439890,500224
1775423439893,500224
1775423439896,500224
1775423439897,500224
1775423439899,500224
1775423439900,500224
1775423439902,500224
1775423439904,500224
1775423439908,500224
1775423439911,500224
1775423439915,500224
1775423439917,500224
1775423439918,500224
1775423439920,500224
1775423439923,500224
1775423439927,500224
1775423439930,500224
1775423439933,500224
1775423439936,500224
1775423439939,500224
1775423439943,500224
1775423439946,500224
1775423439948,500224
1775423439950,500224
1775423439952,500224
1775423439954,500224
1775423439956,500224
1775423439957,500224
1775423439959,500224
1775423439962,500224
1775423439964,500224
1775423439966,500224
1775423439969,500224
1775423439972,500224
1775423439975,500224
1775423439978,500224
1775423439980,500224
1775423439983,500224
1775423439985,500224
1775423439988,500224
1775423439991,500224
1775423439993,500224
1775423439995,500224
1775423439997,500224
1775423439999,500224
1775423440001,500224
1775423440002,500224
1775423440004,500224
1775423440006,500224
1775423440010,500224
1775423440011,500224
1775423440013,500224
1775423440014,500224
1775423440016,500224
1775423440020,500224
1775423440022,500224
1775423440025,500224
1775423440027,500224
1775423440029,500224
1775423440031,500224
1775423440032,500224
1775423440033,500224
1775423440035,500224
1775423440036,500224
1775423440037,500224
1775423440039,500224
1775423440040,500224
1775423440043,500224
1775423440047,500224
1775423440050,500224
1775423440052,500224
1775423440053,500224
1775423440055,500224
1775423440057,500224
1775423440058,500224
1775423440061,500224
1775423440063,500224
1775423440066,500224
1775423440069,500224
1775423440071,500224
1775423440073,500224
1775423440076,500224
1775423440079,500224
1775423440084,500224
1775423440087,500224
1775423440090,500224
1775423440093,500224
1775423440095,500224
1775423440098,500224
1775423440101,500224
1775423440103,500224
1775423440106,500224
1775423440109,500224
1775423440111,500224
1775423440113,500224
1775423440115,500224
1775423440118,500224
1775423440120,500224
1775423440122,500224
1775423440124,500224
1775423440128,500224
1775423440130,500224
1775423440461,500224
1775423440464,500224
1775423440469,500224
1775423440473,500224
1775423440476,500224
1775423440480,500224
1775423440483,500224
1775423440486,500224
1775423440488,500224
1775423440491,500224
1775423440494,500224
1775423440497,500224
1775423440499,500224
1775423440501,500224
1775423440503,500224
1775423440505,500224
1775423440506,500224
1775423440508,500224
1775423440510,500224
1775423440512,500224
1775423440513,500224
1775423440515,500224
1775423440516,500224
1775423440518,500224
1775423440519,500224
1775423440521,500224
1775423440522,500224
1775423440524,500224
1775423440525,500224
1775423440527,500224
1775423440531,500224
1775423440534,500224
1775423440537,500224
1775423440539,500224
1775423440542,500224
1775423440545,500224
1775423440554,500224
1775423440558,500224
1775423440561,500224
1775423440563,500224
1775423440574,500224
1775423440577,500224
1775423440579,500224
1775423440581,500224
1775423440583,500224
1775423440585,500224
1775423440586,500224
1775423440588,500224
1775423440590,500224
1775423440591,500224
1775423440593,500224
1775423440594,500224
1775423440596,500224
1775423440597,500224
1775423440599,500224
1775423440600,500224
1775423440602,500224
1775423440603,500224
1775423440604,500224
1775423440606,500224
1775423440607,500224
1775423440613,500224
1775423440616,500224
1775423440618,500224
1775423440620,500224
1775423440622,500224
1775423440623,500224
1775423440630,500224
1775423440632,500224
1775423440633,500224
1775423440637,500224
1775423440639,500224
1775423440642,500224
1775423440645,500224
1775423440649,500224
1775423440653,500224
1775423440656,500224
1775423440660,500224
1775423440663,500224
1775423440665,500224
1775423440667,500224
1775423440669,500224
1775423440671,500224
1775423440674,500224
1775423440679,500224
1775423440681,500224
1775423440689,500224
1775423440692,500224
1775423440694,500224
1775423440696,500224
1775423440698,500224
1775423440700,500224
1775423440702,500224
1775423440705,500224
1775423440709,500224
1775423440710,500224
1775423440714,500224
1775423440717,500224
1775423440719,500224
1775423440721,500224
1775423440722,500224
1775423440725,500224
1775423440727,500224
1775423440729,500224
1775423440732,500224
1775423440734,500224
1775423441061,500224
1775423441064,500224
1775423441065,500224
1775423441069,500224
1775423441071,500224
1775423441074,500224
1775423441075,500224
1775423441077,500224
1775423441078,500224
1775423441080,500224
1775423441081,500224
1775423441083,500224
1775423441084,500224
1775423441086,500224
1775423441087,500224
1775423441089,500224
1775423441091,500224
1775423441092,500224
1775423441094,500224
1775423441096,500224
1775423441097,500224
1775423441101,500224
1775423441103,500224
1775423441104,500224
1775423441106,500224
1775423441107,500224
1775423441109,500224
1775423441111,500224
1775423441113,500224
1775423441117,500224
1775423441120,500224
1775423441122,500224
1775423441126,500224
1775423441129,500224
1775423441131,500224
1775423441133,500224
1775423441134,500224
1775423441136,500224
1775423441138,500224
1775423441140,500224
1775423441143,500224
1775423441145,500224
1775423441148,500224
1775423441151,500224
1775423441153,500224
1775423441155,500224
1775423441156,500224
1775423441157,500224
1775423441167,500224
1775423441169,500224
1775423441171,500224
1775423441173,500224
1775423441176,500224
1775423441179,500224
1775423441181,500224
1775423441184,500224
1775423441186,500224
1775423441188,500224
1775423441191,500224
1775423441193,500224
1775423441195,500224
1775423441197,500224
1775423441199,500224
1775423441201,500224
1775423441203,500224
1775423441204,500224
1775423441207,500224
1775423441209,500224
1775423441214,500224
1775423441219,500224
1775423441224,500224
1775423441228,500224
1775423441232,500224
1775423441238,500224
1775423441241,500224
1775423441245,500224
1775423441247,500224
1775423441248,500224
1775423441250,500224
1775423441251,500224
1775423441252,500224
1775423441253,500224
1775423441255,500224
1775423441258,500224
1775423441261,500224
1775423441263,500224
1775423441265,500224
1775423441268,500224
1775423441270,500224
1775423441273,500224
1775423441276,500224
1775423441279,500224
1775423441281,500224
1775423441288,500224
1775423441290,500224
1775423441293,500224
1775423441663,500224
1775423441666,500224
1775423441674,500224
1775423441675,500224
1775423441677,500224
1775423441678,500224
1775423441680,500224
1775423441681,500224
1775423441682,500224
1775423441683,500224
1775423441685,500224
1775423441686,500224
1775423441688,500224
1775423441689,500224
1775423441691,500224
1775423441692,500224
1775423441694,500224
1775423441695,500224
1775423441697,500224
1775423441698,500224
1775423441700,500224
1775423441701,500224
1775423441702,500224
1775423441704,500224
1775423441705,500224
1775423441707,500224
1775423441708,500224
1775423441710,500224
1775423441711,500224
1775423441712,500224
1775423441714,500224
1775423441722,500224
1775423441725,500224
1775423441728,500224
1775423441731,500224
1775423441734,500224
1775423441737,500224
1775423441739,500224
1775423441740,500224
1775423441742,500224
1775423441744,500224
1775423441745,500224
1775423441747,500224
1775423441748,500224
1775423441751,500224
1775423441752,500224
1775423441754,500224
1775423441755,500224
1775423441757,500224
1775423441759,500224
1775423441760,500224
1775423441762,500224
1775423441763,500224
1775423441764,500224
1775423441766,500224
1775423441767,500224
1775423441768,500224
1775423441769,500224
1775423441771,500224
1775423441772,500224
1775423441773,500224
1775423441775,500224
1775423441776,500224
1775423441777,500224
1775423441778,500224
1775423441780,500224
1775423441781,500224
1775423441782,500224
1775423441783,500224
1775423441785,500224
1775423441786,500224
1775423441787,500224
1775423441788,500224
1775423441790,500224
1775423441791,500224
1775423441792,500224
1775423441793,500224
1775423441795,500224
1775423441796,500224
1775423441797,500224
1775423441798,500224
1775423441800,500224
1775423441801,500224
1775423441802,500224
1775423441803,500224
1775423441805,500224
1775423441809,500224
1775423441811,500224
1775423441812,500224
1775423441814,500224
1775423441816,500224
1775423441817,500224
1775423441819,500224
1775423441820,500224
1775423441822,500224
1775423441823,500224
1775423441825,500224
1775423441827,500224
1775423441828,500224
1775423441831,500224
1775423441833,500224
1775423441836,500224
1775423441838,500224
1775423441844,500224
1775423441847,500224
1775423441854,500224
1775423441856,500224
1775423441858,500224
1775423441859,500224
1775423442264,500224
1775423442267,500224
1775423442270,500224
1775423442273,500224
1775423442274,500224
1775423442276,500224
1775423442277,500224
1775423442280,500224
1775423442283,500224
1775423442285,500224
1775423442289,500224
1775423442292,500224
1775423442294,500224
1775423442297,500224
1775423442300,500224
1775423442301,500224
1775423442303,500224
1775423445847,500224
1775423445851,500224
1775423445854,500224
1775423445857,500224
1775423445859,500224
1775423445860,500224
1775423445862,500224
1775423445863,500224
1775423445865,500224
1775423445866,500224
1775423445867,500224
1775423445869,500224
1775423445870,500224
1775423445871,500224
1775423446394,500224
1775423446397,500224
1775423446399,500224
1775423446401,500224
1775423446402,500224
1775423446404,500224
1775423446405,500224
1775423446407,500224
1775423446408,500224
1775423446410,500224
1775423446411,500224
1775423446413,500224
1775423446414,500224
1775423446416,500224
1775423446417,500224
1775423446421,500224
1775423446422,500224
1775423446425,500224
1775423446428,500224
1775423446433,500224
1775423446441,500224
1775423446443,500224
1775423446446,500224
1775423446449,500224
1775423446451,500224
1775423446453,500224
1775423446455,500224
1775423446457,500224
1775423446459,500224
1775423446460,500224
1775423446462,500224
1775423448336,500224
1775423448615,500224
1775423448621,500224
1775423448626,500224
1775423448632,500224
1775423448633,500224
1775423448635,500224
1775423448636,500224
1775423448639,500224
1775423449166,500224
1775423449170,500224
1775423449173,500224
1775423449176,500224
1775423449177,500224
1775423449179,500224
1775423449180,500224
1775423449182,500224
1775423449183,500224
1775423449185,500224
1775423449186,500224
1775423449188,500224
1775423449192,500224
1775423449194,500224
1775423449197,500224
1775423449199,500224
1775423449201,500224
1775423449204,500224
1775423449206,500224
1775423449208,500224
1775423449210,500224
1775423449212,500224
1775423449215,500224
1775423449218,500224
1775423449220,500224
1775423449222,500224
1775423449224,500224
1775423449226,500224
1775423449228,500224
1775423449230,500224
1775423449232,500224
1775423449234,500224
1775423449236,500224
1775423449238,500224
1775423449239,500224
1775423449241,500224
1775423449242,500224
1775423449244,500224
1775423449245,500224
1775423449247,500224
1775423449248,500224
1775423449250,500224
1775423449251,500224
1775423449252,500224
1775423449254,500224
1775423449255,500224
1775423449257,500224
1775423449259,500224
1775423449261,500224
1775423449262,500224
1775423449264,500224
1775423449265,500224
1775423449266,500224
1775423449269,500224
1775423449272,500224
1775423449273,500224
1775423449277,500224
1775423449279,500224
1775423449281,500224
1775423449282,500224
1775423449283,500224
1775423449285,500224
1775423449286,500224
1775423449288,500224
1775423449291,500224
1775423449294,500224
1775423449295,500224
1775423449297,500224
1775423449299,500224
1775423449302,500224
1775423449307,500224
1775423449309,500224
1775423449317,500224
1775423449320,500224
1775423449323,500224
1775423449325,500224
1775423449327,500224
1775423449329,500224
1775423449331,500224
1775423449333,500224
1775423449335,500224
1775423449337,500224
1775423449340,500224
1775423449343,500224
1775423449345,500224
1775423449348,500224
1775423449351,500224
1775423449353,500224
1775423449355,500224
1775423449356,500224
1775423449358,500224
1775423449360,500224
1775423449361,500224
1775423449363,500224
1775423449364,500224
1775423449366,500224
1775423449367,500224
1775423449368,500224
1775423449369,500224
1775423449371,500224
1775423449372,500224
1775423449373,500224
1775423449376,500224
1775423449377,500224
1775423449379,500224
1775423449380,500224
1775423449381,500224
1775423449384,500224
1775423449386,500224
1775423449388,500224
1775423449390,500224
1775423449393,500224
1775423449397,500224
1775423449398,500224
1775423449399,500224
1775423449401,500224
1775423449402,500224
1775423449404,500224
1775423449407,500224
1775423449410,500224
1775423449413,500224
1775423449415,500224
1775423449418,500224
1775423449419,500224
1775423449421,500224
1775423449423,500224
1775423449426,500224
1775423449430,500224
1775423449432,500224
1775423449439,500224
1775423449441,500224
1775423449443,500224
1775423449445,500224
1775423449448,500224
1775423449450,500224
1775423449456,500224
1775423449458,500224
1775423449460,500224
1775423449462,500224
1775423449464,500224
1775423449465,500224
1775423449466,500224
1775423449468,500224
1775423449470,500224
1775423449472,500224
1775423449473,500224
1775423449474,500224
1775423449475,500224
1775423449477,500224
1775423449479,500224
1775423449481,500224
1775423449483,500224
1775423449484,500224
1775423449486,500224
1775423449488,500224
1775423449490,500224
1775423449491,500224
1775423449494,500224
1775423449496,500224
1775423449499,500224
1775423449505,500224
1775423449507,500224
1775423449509,500224
1775423449511,500224
1775423449512,500224
1775423449519,500224
1775423449521,500224
1775423449529,500224
1775423449530,500224
1775423449531,500224
1775423450115,500224
1775423450117,500224
1775423450119,500224
1775423450121,500224
1775423450123,500224
1775423450125,500224
1775423450127,500224
1775423450406,500224
1775423450680,500224
1775423450683,500224
1775423450686,500224
1775423450689,500224
1775423450691,500224
1775423450694,500224
1775423450697,500224
1775423450702,500224
1775423450704,500224
1775423450706,500224
1775423450708,500224
1775423450710,500224
1775423450711,500224
1775423450713,500224
1775423450715,500224
1775423450716,500224
1775423450718,500224
1775423450721,500224
1775423450724,500224
1775423450728,500224
1775423450731,500224
1775423450733,500224
1775423450736,500224
1775423450739,500224
1775423450741,500224
1775423450744,500224
1775423450747,500224
1775423450750,500224
1775423450752,500224
1775423450755,500224
1775423450757,500224
1775423450759,500224
1775423450761,500224
1775423450763,500224
1775423450766,500224
1775423450769,500224
1775423450771,500224
1775423450776,500224
1775423450779,500224
1775423450781,500224
1775423450784,500224
1775423450787,500224
1775423450793,500224
1775423450795,500224
1775423450797,500224
1775423450799,500224
1775423450803,500224
1775423450805,500224
1775423450808,500224
1775423450811,500224
1775423450813,500224
1775423450819,500224
1775423450826,500224
1775423450832,500224
1775423450835,500224
1775423450838,500224
1775423450840,500224
1775423450843,500224
1775423450847,500224
1775423450848,500224
1775423450850,500224
1775423450852,500224
1775423450854,500224
1775423450857,500224
1775423450859,500224
1775423450861,500224
1775423450862,500224
1775423450867,500224
1775423450869,500224
1775423450871,500224
1775423450873,500224
1775423450875,500224
1775423450877,500224
1775423450982,500224
1775423450985,500224
1775423450988,500224
1775423450989,500224
1775423451423,500224
1775423451425,500224
1775423451426,500224
1775423451428,500224
1775423451430,500224
1775423451432,500224
1775423451434,500224
1775423451437,500224
1775423451439,500224
1775423451441,500224
1775423451443,500224
1775423451444,500224
1775423451446,500224
1775423451448,500224
1775423451451,500224
1775423451453,500224
1775423451457,500224
1775423451463,500224
1775423451464,500224
1775423451466,500224
1775423451467,500224
1775423451468,500224
1775423451469,500224
1775423451471,500224
1775423451473,500224
1775423451475,500224
1775423451476,500224
1775423451478,500224
1775423451480,500224
1775423451482,500224
1775423451484,500224
1775423451486,500224
1775423451488,500224
1775423451491,500224
1775423451493,500224
1775423451494,500224
1775423451497,500224
1775423451499,500224
1775423451502,500224
1775423451504,500224
1775423451506,500224
1775423451509,500224
1775423451511,500224
1775423451513,500224
1775423451515,500224
1775423451517,500224
1775423451518,500224
1775423451520,500224
1775423451522,500224
1775423451524,500224
1775423451525,500224
1775423451527,500224
1775423451529,500224
1775423451532,500224
1775423451536,500224
1775423451537,500224
1775423451540,500224
1775423451544,500224
1775423451551,500224
1775423451553,500224
1775423451555,500224
1775423451557,500224
1775423451559,500224
1775423451561,500224
1775423451563,500224
1775423451564,500224
1775423451566,500224
1775423451568,500224
1775423451571,500224
1775423451573,500224
1775423451574,500224
1775423451579,500224
1775423451582,500224
1775423451585,500224
1775423451587,500224
1775423451590,500224
1775423451592,500224
1775423451595,500224
1775423451597,500224
1775423451599,500224
1775423451601,500224
1775423451603,500224
1775423451604,500224
1775423451606,500224
1775423451608,500224
1775423451610,500224
1775423451611,500224
1775423451614,500224
1775423451617,500224
1775423451619,500224
1775423451621,500224
1775423451623,500224
1775423451627,500224
1775423451629,500224
1775423451630,500224
1775423451631,500224
1775423451634,500224
1775423451636,500224
1775423451638,500224
1775423451640,500224
1775423451643,500224
1775423451645,500224
1775423451647,500224
1775423451650,500224
1775423451651,500224
1775423451652,500224
1775423451654,500224
1775423451655,500224
1775423451656,500224
1775423451658,500224
1775423451659,500224
1775423451660,500224
1775423451662,500224
1775423451663,500224
1775423451664,500224
1775423451667,500224
1775423451669,500224
1775423451671,500224
1775423451673,500224
1775423451675,500224
1775423451677,500224
1775423451678,500224
1775423451681,500224
1775423451685,500224
1775423451688,500224
1775423451691,500224
1775423451693,500224
1775423451696,500224
1775423451698,500224
1775423451700,500224
1775423451702,500224
1775423451704,500224
1775423451706,500224
1775423451708,500224
1775423451709,500224
1775423451711,500224
1775423451712,500224
1775423451714,500224
1775423451944,500224
1775423451946,500224
1775423452109,500224
1775423452113,500224
1775423452259,500224
1775423452261,500224
1775423452263,500224
1775423452267,500224
1775423452269,500224
1775423452272,500224
1775423452275,500224
1775423452278,500224
1775423452280,500224
1775423452285,500224
1775423452288,500224
1775423452292,500224
1775423452294,500224
1775423452296,500224
1775423452299,500224
1775423452301,500224
1775423452303,500224
1775423452305,500224
1775423452308,500224
1775423452310,500224
1775423452312,500224
1775423452314,500224
1775423452315,500224
1775423452317,500224
1775423452319,500224
1775423452321,500224
1775423452323,500224
1775423452325,500224
1775423452326,500224
1775423452331,500224
1775423452335,500224
1775423452336,500224
1775423452338,500224
1775423452344,500224
1775423452345,500224
1775423452352,500224
1775423452357,500224
1775423452359,500224
1775423452360,500224
1775423452361,500224
1775423452363,500224
1775423452364,500224
1775423452365,500224
1775423452367,500224
1775423452368,500224
1775423452371,500224
1775423452373,500224
1775423452376,500224
1775423452377,500224
1775423452379,500224
1775423452382,500224
1775423452383,500224
1775423452384,500224
1775423452386,500224
1775423452387,500224
1775423452388,500224
1775423452389,500224
1775423452391,500224
1775423452392,500224
1775423452393,500224
1775423452395,500224
1775423452396,500224
1775423452398,500224
1775423452399,500224
1775423452403,500224
1775423452407,500224
1775423452409,500224
1775423452410,500224
1775423452412,500224
1775423452413,500224
1775423452414,500224
1775423452416,500224
1775423452417,500224
1775423452419,500224
1775423452421,500224
1775423452422,500224
1775423452423,500224
1775423452424,500224
1775423452426,500224
1775423452427,500224
1775423452428,500224
1775423452430,500224
1775423452431,500224
1775423452432,500224
1775423452434,500224
1775423452435,500224
1775423452437,500224
1775423452438,500224
1775423452440,500224
1775423452441,500224
1775423452442,500224
1775423452443,500224
1775423452445,500224
1775423452447,500224
1775423452449,500224
1775423452452,500224
1775423452454,500224
1775423452455,500224
1775423452456,500224
1775423452457,500224
1775423452465,500224
1775423452469,500224
1775423452472,500224
1775423452475,500224
1775423452480,500224
1775423452483,500224
1775423452485,500224
1775423452488,500224
1775423452491,500224
1775423452494,500224
1775423452497,500224
1775423452499,500224
1775423452502,500224
1775423452515,500224
1775423452518,500224
1775423452519,500224
1775423452521,500224
1775423452523,500224
1775423452526,500224
1775423452528,500224
1775423452529,500224
1775423452531,500224
1775423452533,500224
1775423452534,500224
1775423452537,500224
1775423452542,500224
1775423452544,500224
1775423452545,500224
1775423452547,500224
1775423452548,500224
1775423452549,500224
1775423452556,500224
1775423452558,500224
1775423452560,500224
1775423452562,500224
1775423452569,500224
1775423452572,500224
1775423452575,500224
1775423452577,500224
1775423452579,500224
1775423452582,500224
1775423452584,500224
1775423452586,500224
1775423452590,500224
1775423452593,500224
1775423452595,500224
1775423452598,500224
1775423452599,500224
1775423452602,500224
1775423452606,500224
1775423452609,500224
1775423452612,500224
1775423452615,500224
1775423452617,500224
1775423452620,500224
1775423452622,500224
1775423452625,500224
1775423452627,500224
1775423452629,500224
1775423452630,500224
1775423452632,500224
1775423452634,500224
1775423452636,500224
1775423452638,500224
1775423452639,500224
1775423452647,500224
1775423452649,500224
1775423452650,500224
1775423452652,500224
1775423452654,500224
1775423452656,500224
1775423452658,500224
1775423452659,500224
1775423452666,500224
1775423452667,500224
1775423452669,500224
1775423452670,500224
1775423452672,500224
1775423452674,500224
1775423452675,500224
1775423452676,500224
1775423452678,500224
1775423452679,500224
1775423452680,500224
1775423452682,500224
1775423452683,500224
1775423452684,500224
1775423452686,500224
1775423452687,500224
1775423452688,500224
1775423452689,500224
1775423452691,500224
1775423452692,500224
1775423452693,500224
1775423452695,500224
1775423452696,500224
1775423452697,500224
1775423452698,500224
1775423452700,500224
1775423452701,500224
1775423452703,500224
1775423452704,500224
1775423452706,500224
1775423452708,500224
1775423452711,500224
1775423452714,500224
1775423452717,500224
1775423452719,500224
1775423452722,500224
1775423452725,500224
1775423452728,500224
1775423452729,500224
1775423452731,500224
1775423452732,500224
1775423452733,500224
1775423452734,500224
1775423452736,500224
1775423452737,500224
1775423452738,500224
1775423452739,500224
1775423452742,500224
1775423452745,500224
1775423452748,500224
1775423452750,500224
1775423452753,500224
1775423452755,500224
1775423452757,500224
1775423452760,500224
1775423452762,500224
1775423452764,500224
1775423452769,500224
1775423452772,500224
1775423452773,500224
1775423452776,500224
1775423452779,500224
1775423452788,500224
1775423452791,500224
1775423452793,500224
1775423452796,500224
1775423452798,500224
1775423452801,500224
1775423452803,500224
1775423452805,500224
1775423452807,500224
1775423452810,500224
1775423452812,500224
1775423452819,500224
1775423452821,500224
1775423452824,500224
1775423452825,500224
1775423452826,500224
1775423452828,500224
1775423452829,500224
1775423452835,500224
1775423452836,500224
1775423452841,500224
1775423452843,500224
1775423452844,500224
1775423452846,500224
1775423452847,500224
1775423452849,500224
1775423452850,500224
1775423452854,500224
1775423452857,500224
1775423452858,500224
1775423452861,500224
1775423452864,500224
1775423452866,500224
1775423452869,500224
1775423452873,500224
1775423452875,500224
1775423452877,500224
1775423452878,500224
1775423452880,500224
1775423452881,500224
1775423452882,500224
1775423452883,500224
1775423452885,500224
1775423452886,500224
1775423452888,500224
1775423452890,500224
1775423452891,500224
1775423452892,500224
1775423452893,500224
1775423452895,500224
1775423452896,500224
1775423452897,500224
1775423452898,500224
1775423452900,500224
1775423452901,500224
1775423452902,500224
1775423452904,500224
1775423452905,500224
1775423452906,500224
1775423452908,500224
1775423452909,500224
1775423452910,500224
1775423452911,500224
1775423452913,500224
1775423452914,500224
1775423452915,500224
1775423452916,500224
1775423452918,500224
1775423452919,500224
1775423452921,500224
1775423452923,500224
1775423452925,500224
1775423452926,500224
1775423452927,500224
1775423452928,500224
1775423452931,500224
1775423452933,500224
1775423452934,500224
1775423452935,500224
1775423452940,500224
1775423452944,500224
1775423452947,500224
1775423452948,500224
1775423452949,500224
1775423452951,500224
1775423452953,500224
1775423452956,500224
1775423452959,500224
1775423452962,500224
1775423452968,500224
1775423452970,500224
1775423452977,500224
1775423452979,500224
1775423452982,500224
1775423452985,500224
1775423452987,500224
1775423452989,500224
1775423452991,500224
1775423452994,500224
1775423452996,500224
1775423452999,500224
1775423453001,500224
1775423453004,500224
1775423453007,500224
1775423453009,500224
1775423453012,500224
1775423453014,500224
1775423453016,500224
1775423453019,500224
1775423453020,500224
1775423453022,500224
1775423453024,500224
1775423453026,500224
1775423453030,500224
1775423453031,500224
1775423453039,500224
1775423453042,500224
1775423453045,500224
1775423453047,500224
1775423453052,500224
1775423453055,500224
1775423453057,500224
1775423453060,500224
1775423453063,500224
1775423453065,500224
1775423453067,500224
1775423453074,500224
1775423453077,500224
1775423453082,500224
1775423453084,500224
1775423453086,500224
1775423453088,500224
1775423453091,500224
1775423453094,500224
1775423453097,500224
1775423453100,500224
1775423453102,500224
1775423453104,500224
1775423453106,500224
1775423453108,500224
1775423453110,500224
1775423453111,500224
1775423453113,500224
1775423453115,500224
1775423453116,500224
1775423453118,500224
1775423453123,500224
1775423453125,500224
1775423453127,500224
1775423453130,500224
1775423453133,500224
1775423453135,500224
1775423453137,500224
1775423454071,500224
1775423454075,500224
1775423454078,500224
1775423454081,500224
1775423454083,500224
1775423454085,500224
1775423454087,500224
1775423454373,500224
1775423454796,500224
1775423454800,500224
1775423454803,500224
1775423454806,500224
1775423454809,500224
1775423454812,500224
1775423454815,500224
1775423454821,500224
1775423454824,500224
1775423454833,500224
1775423454837,500224
1775423454844,500224
1775423454847,500224
1775423454849,500224
1775423454852,500224
1775423454855,500224
1775423454858,500224
1775423454861,500224
1775423454863,500224
1775423454865,500224
1775423454867,500224
1775423454870,500224
1775423454873,500224
1775423454875,500224
1775423454877,500224
1775423454879,500224
1775423454881,500224
1775423454883,500224
1775423454886,500224
1775423454888,500224
1775423454889,500224
1775423454895,500224
1775423454897,500224
1775423454903,500224
1775423454905,500224
1775423454907,500224
1775423454910,500224
1775423454913,500224
1775423454916,500224
1775423454918,500224
1775423454921,500224
1775423454923,500224
1775423454925,500224
1775423454927,500224
1775423454929,500224
1775423454931,500224
1775423454933,500224
1775423454935,500224
1775423454937,500224
1775423454939,500224
1775423454941,500224
1775423454942,500224
1775423454944,500224
1775423454946,500224
1775423454949,500224
1775423454951,500224
1775423454953,500224
1775423454955,500224
1775423454959,500224
1775423454961,500224
1775423454962,500224
1775423454966,500224
1775423454968,500224
1775423454970,500224
1775423454971,500224
1775423454973,500224
1775423454975,500224
1775423454977,500224
1775423454978,500224
1775423454979,500224
1775423454982,500224
1775423454984,500224
1775423454986,500224
1775423454987,500224
1775423454989,500224
1775423454990,500224
1775423454991,500224
1775423454993,500224
1775423454995,500224
1775423454997,500224
1775423454998,500224
1775423455000,500224
1775423455001,500224
1775423455002,500224
1775423455005,500224
1775423455007,500224
1775423455008,500224
1775423455017,500224
1775423455019,500224
1775423455022,500224
1775423455024,500224
1775423455026,500224
1775423455028,500224
1775423455035,500224
1775423455040,500224
1775423455042,500224
1775423455044,500224
1775423455046,500224
1775423455048,500224
1775423455051,500224
1775423455053,500224
1775423455061,500224
1775423455064,500224
1775423455067,500224
1775423455072,500224
1775423455075,500224
1775423455076,500224
1775423455078,500224
1775423455079,500224
1775423455080,500224
1775423455081,500224
1775423455083,500224
1775423455085,500224
1775423455087,500224
1775423455089,500224
1775423455093,500224
1775423455102,500224
1775423455104,500224
1775423455106,500224
1775423455107,500224
1775423455108,500224
1775423455110,500224
1775423455112,500224
1775423455114,500224
1775423455115,500224
1775423455116,500224
1775423455118,500224
1775423455119,500224
1775423455121,500224
1775423455124,500224
1775423455125,500224
1775423455127,500224
1775423455130,500224
1775423455132,500224
1775423455135,500224
1775423455138,500224
1775423455141,500224
1775423455145,500224
1775423455147,500224
1775423455150,500224
1775423455152,500224
1775423455156,500224
1775423455158,500224
1775423455161,500224
1775423455164,500224
1775423455166,500224
1775423455169,500224
1775423455172,500224
1775423455174,500224
1775423455178,500224
1775423455187,500224
1775423455195,500224
1775423455198,500224
1775423455200,500224
1775423455203,500224
1775423455206,500224
1775423455208,500224
1775423455210,500224
1775423455212,500224
1775423455216,500224
1775423455219,500224
1775423455222,500224
1775423455223,500224
1775423455224,500224
1775423455226,500224
1775423455227,500224
1775423455228,500224
1775423455229,500224
1775423455231,500224
1775423455232,500224
1775423455239,500224
1775423455242,500224
1775423455246,500224
1775423455248,500224
1775423455250,500224
1775423455252,500224
1775423455254,500224
1775423455255,500224
1775423455257,500224
1775423455259,500224
1775423455261,500224
1775423455264,500224
1775423455267,500224
1775423455269,500224
1775423455271,500224
1775423455273,500224
1775423455276,500224
1775423455278,500224
1775423455279,500224
1775423455287,500224
1775423455289,500224
1775423455290,500224
1775423455292,500224
1775423455295,500224
1775423455297,500224
1775423455300,500224
1775423455303,500224
1775423455305,500224
1775423455307,500224
1775423455308,500224
1775423455309,500224
1775423455315,500224
1775423455317,500224
1775423455318,500224
1775423455320,500224
1775423455321,500224
1775423455323,500224
1775423455324,500224
1775423455326,500224
1775423455329,500224
1775423455334,500224
1775423455337,500224
1775423455340,500224
1775423455342,500224
1775423455344,500224
1775423455346,500224
1775423455348,500224
1775423455349,500224
1775423455351,500224
1775423455353,500224
1775423455356,500224
1775423455360,500224
1775423455363,500224
1775423455366,500224
1775423455369,500224
1775423455375,500224
1775423455377,500224
1775423455379,500224
1775423455381,500224
1775423455382,500224
1775423455385,500224
1775423455388,500224
1775423455391,500224
1775423455393,500224
1775423455396,500224
1775423455400,500224
1775423455403,500224
1775423455414,500224
1775423455419,500224
1775423455422,500224
1775423455424,500224
1775423455427,500224
1775423455430,500224
1775423455433,500224
1775423455436,500224
1775423455438,500224
1775423455441,500224
1775423455443,500224
1775423455446,500224
1775423455448,500224
1775423455451,500224
1775423455453,500224
1775423455454,500224
1775423455456,500224
1775423455457,500224
1775423455459,500224
1775423455460,500224
1775423455462,500224
1775423455464,500224
1775423455471,500224
1775423455478,500224
1775423455482,500224
1775423455492,500224
1775423455496,500224
1775423455498,500224
1775423455501,500224
1775423455506,500224
1775423455510,500224
1775423455512,500224
1775423455517,500224
1775423455519,500224
1775423455522,500224
1775423455525,500224
1775423455526,500224
1775423455528,500224
1775423455529,500224
1775423455531,500224
1775423455532,500224
1775423455533,500224
1775423455535,500224
1775423455536,500224
1775423455538,500224
1775423455540,500224
1775423455542,500224
1775423455547,500224
1775423455548,500224
1775423455550,500224
1775423455552,500224
1775423455553,500224
1775423455555,500224
1775423455558,500224
1775423455560,500224
1775423455561,500224
1775423455563,500224
1775423455564,500224
1775423455566,500224
1775423455568,500224
1775423455573,500224
1775423455576,500224
1775423455578,500224
1775423455580,500224
1775423455582,500224
1775423455586,500224
1775423455593,500224
1775423455596,500224
1775423455599,500224
1775423455601,500224
1775423455604,500224
1775423455607,500224
1775423455609,500224
1775423455611,500224
1775423455614,500224
1775423455617,500224
1775423455620,500224
1775423455623,500224
1775423455629,500224
1775423455632,500224
1775423455634,500224
1775423455637,500224
1775423455639,500224
1775423455641,500224
1775423455644,500224
1775423455646,500224
1775423455648,500224
1775423455650,500224
1775423455655,500224
1775423455658,500224
1775423455664,500224
1775423455666,500224
1775423455668,500224
1775423455669,500224
1775423455672,500224
1775423455674,500224
1775423455677,500224
1775423455679,500224
1775423455681,500224
1775423455684,500224
1775423455687,500224
1775423455690,500224
1775423455693,500224
1775423455695,500224
1775423455696,500224
1775423455698,500224
1775423455699,500224
1775423455701,500224
1775423455702,500224
1775423455704,500224
1775423455705,500224
1775423455707,500224
1775423455708,500224
1775423455711,500224
1775423455713,500224
1775423455715,500224
1775423455719,500224
1775423455724,500224
1775423455727,500224
1775423455730,500224
1775423455732,500224
1775423455734,500224
1775423455739,500224
1775423455741,500224
1775423455743,500224
1775423455745,500224
1775423455747,500224
1775423455749,500224
1775423455751,500224
1775423455752,500224
1775423455754,500224
1775423455762,500224
1775423455764,500224
1775423455765,500224
1775423455766,500224
1775423455767,500224
1775423455769,500224
1775423455770,500224
1775423455771,500224
1775423455773,500224
1775423455774,500224
1775423455775,500224
1775423455779,500224
1775423455845,500224
1775423455973,500224
1775423455975,500224
1775423455978,500224
1775423455980,500224
1775423455983,500224
1775423455985,500224
1775423455987,500224
1775423455989,500224
1775423455991,500224
1775423455994,500224
1775423455996,500224
1775423455998,500224
1775423456001,500224
1775423456033,500224
1775423456036,500224
1775423456039,500224
1775423456042,500224
1775423456044,500224
1775423456046,500224
1775423456048,500224
1775423456055,500224
1775423456058,500224
1775423456060,500224
1775423456066,500224
1775423456068,500224
1775423456071,500224
1775423456074,500224
1775423456076,500224
1775423456079,500224
1775423456082,500224
1775423456085,500224
1775423456087,500224
1775423456088,500224
1775423456090,500224
1775423456091,500224
1775423456095,500224
1775423456098,500224
1775423456100,500224
1775423456108,500224
1775423456110,500224
1775423456118,500224
1775423456120,500224
1775423456122,500224
1775423456124,500224
1775423456127,500224
1775423456133,500224
1775423456143,500224
1775423456151,500224
1775423456153,500224
1775423456159,500224
1775423456166,500224
1775423456168,500224
1775423456170,500224
1775423456174,500224
1775423456177,500224
1775423456179,500224
1775423456182,500224
1775423456190,500224
1775423456196,500224
1775423456198,500224
1775423456200,500224
1775423456202,500224
1775423456205,500224
1775423456207,500224
1775423456209,500224
1775423456211,500224
1775423456213,500224
1775423456215,500224
1775423456216,500224
1775423456218,500224
1775423456220,500224
1775423456222,500224
1775423456224,500224
1775423456225,500224
1775423456227,500224
1775423456228,500224
1775423456230,500224
1775423456231,500224
1775423456232,500224
1775423456233,500224
1775423456236,500224
1775423456238,500224
1775423456239,500224
1775423456240,500224
1775423456242,500224
1775423456243,500224
1775423456253,500224
1775423456256,500224
1775423456259,500224
1775423456261,500224
1775423456264,500224
1775423456267,500224
1775423456269,500224
1775423456272,500224
1775423456274,500224
1775423456277,500224
1775423456280,500224
1775423456282,500224
1775423456285,500224
1775423456288,500224
1775423456290,500224
1775423456293,500224
1775423456295,500224
1775423456297,500224
1775423456299,500224
1775423456303,500224
1775423456306,500224
1775423456314,500224
1775423456333,500224
1775423456334,500224
1775423456335,500224
1775423456336,500224
1775423456339,500224
1775423456342,500224
1775423456347,500224
1775423456350,500224
1775423456352,500224
1775423456354,500224
1775423456355,500224
1775423456357,500224
1775423456359,500224
1775423456360,500224
1775423456362,500224
1775423456363,500224
1775423456364,500224
1775423456366,500224
1775423456367,500224
1775423456369,500224
1775423456372,500224
1775423456375,500224
1775423456378,500224
1775423456387,500224
1775423456396,500224
1775423456406,500224
1775423456414,500224
1775423456415,500224
1775423456417,500224
1775423456418,500224
1775423456422,500224
1775423456424,500224
1775423456426,500224
1775423456427,500224
1775423456429,500224
1775423456431,500224
1775423456433,500224
1775423456434,500224
1775423456436,500224
1775423456437,500224
1775423456439,500224
1775423456440,500224
1775423456442,500224
1775423456444,500224
1775423456446,500224
1775423456448,500224
1775423456450,500224
1775423456452,500224
1775423456453,500224
1775423456454,500224
1775423456455,500224
1775423456457,500224
1775423456459,500224
1775423456460,500224
1775423456462,500224
1775423456465,500224
1775423456467,500224
1775423456470,500224
1775423456472,500224
1775423456474,500224
1775423456477,500224
1775423456480,500224
1775423456482,500224
1775423456485,500224
1775423456487,500224
1775423456489,500224
1775423456491,500224
1775423456497,500224
1775423456499,500224
1775423456500,500224
1775423456502,500224
1775423456503,500224
1775423456505,500224
1775423456507,500224
1775423456509,500224
1775423456511,500224
1775423456513,500224
1775423456517,500224
1775423456518,500224
1775423456520,500224
1775423456522,500224
1775423456524,500224
1775423456526,500224
1775423456529,500224
1775423456531,500224
1775423456533,500224
1775423456534,500224
1775423456536,500224
1775423456538,500224
1775423456540,500224
1775423456541,500224
1775423456549,500224
1775423456552,500224
1775423456555,500224
1775423456557,500224
1775423456560,500224
1775423456564,500224
1775423456567,500224
1775423456570,500224
1775423456572,500224
1775423456575,500224
1775423456577,500224
1775423456579,500224
1775423456582,500224
1775423456583,500224
1775423456585,500224
1775423456586,500224
1775423456588,500224
1775423456590,500224
1775423456592,500224
1775423456594,500224
1775423456596,500224
1775423456598,500224
1775423456600,500224
1775423456601,500224
1775423456604,500224
1775423456607,500224
1775423456610,500224
1775423456618,500224
1775423456622,500224
1775423456623,500224
1775423456624,500224
1775423456627,500224
1775423456630,500224
1775423456638,500224
1775423456641,500224
1775423456644,500224
1775423456646,500224
1775423456649,500224
1775423456652,500224
1775423456654,500224
1775423456658,500224
1775423456661,500224
1775423456663,500224
1775423456666,500224
1775423456668,500224
1775423456671,500224
1775423456674,500224
1775423456677,500224
1775423456678,500224
1775423456680,500224
1775423456681,500224
1775423456683,500224
1775423456684,500224
1775423456685,500224
1775423456687,500224
1775423456688,500224
1775423456690,500224
1775423456691,500224
1775423456694,500224
1775423456696,500224
1775423456699,500224
1775423456701,500224
1775423456703,500224
1775423456705,500224
1775423456707,500224
1775423456708,500224
1775423456710,500224
1775423456712,500224
1775423456714,500224
1775423456716,500224
1775423456719,500224
1775423456721,500224
1775423456722,500224
1775423456723,500224
1775423456724,500224
1775423456726,500224
1775423456727,500224
1775423456732,500224
1775423456735,500224
1775423456737,500224
1775423456739,500224
1775423456742,500224
1775423456745,500224
1775423456748,500224
1775423456750,500224
1775423456753,500224
1775423456755,500224
1775423456758,500224
1775423456760,500224
1775423456762,500224
1775423456764,500224
1775423456767,500224
1775423456769,500224
1775423456770,500224
1775423456772,500224
1775423456774,500224
1775423456775,500224
1775423456777,500224
1775423456779,500224
1775423456781,500224
1775423456787,500224
1775423456791,500224
1775423456793,500224
1775423456800,500224
1775423456802,500224
1775423456807,500224
1775423456813,500224
1775423456816,500224
1775423456820,500224
1775423456823,500224
1775423456826,500224
1775423456829,500224
1775423456834,500224
1775423456838,500224
1775423456840,500224
1775423456843,500224
1775423456845,500224
1775423456847,500224
1775423456849,500224
1775423456856,500224
1775423456859,500224
1775423456862,500224
1775423456867,500224
1775423456871,500224
1775423456877,500224
1775423456880,500224
1775423456883,500224
1775423456885,500224
1775423456888,500224
1775423456892,500224
1775423456896,500224
1775423456899,500224
1775423456901,500224
1775423456902,500224
1775423456904,500224
1775423456905,500224
1775423456906,500224
1775423456908,500224
1775423456909,500224
1775423456910,500224
1775423456913,500224
1775423456916,500224
1775423456918,500224
1775423456921,500224
1775423456924,500224
1775423456926,500224
1775423456929,500224
1775423456932,500224
1775423456936,500224
1775423456937,500224
1775423456939,500224
1775423456940,500224
1775423456942,500224
1775423456943,500224
1775423456945,500224
1775423456946,500224
1775423456947,500224
1775423456948,500224
1775423456950,500224
1775423456957,500224
1775423456959,500224
1775423456969,500224
1775423456972,500224
1775423456979,500224
1775423456989,500224
1775423456992,500224
1775423456994,500224
1775423456997,500224
1775423456999,500224
1775423457001,500224
1775423457003,500224
1775423457005,500224
1775423457007,500224
1775423457010,500224
1775423457014,500224
1775423457018,500224
1775423457021,500224
1775423457024,500224
1775423457026,500224
1775423457029,500224
1775423457031,500224
1775423457033,500224
1775423457035,500224
1775423457037,500224
1775423457040,500224
1775423457042,500224
1775423457044,500224
1775423457046,500224
1775423457047,500224
1775423457049,500224
1775423457051,500224
1775423457052,500224
1775423457054,500224
1775423457056,500224
1775423457057,500224
1775423457059,500224
1775423457060,500224
1775423457062,500224
1775423457063,500224
1775423457064,500224
1775423457066,500224
1775423457067,500224
1775423457068,500224
1775423457070,500224
1775423457071,500224
1775423457072,500224
1775423457073,500224
1775423457076,500224
1775423457077,500224
1775423457079,500224
1775423457082,500224
1775423457084,500224
1775423457085,500224
1775423457087,500224
1775423457088,500224
1775423457089,500224
1775423457091,500224
1775423457093,500224
1775423457094,500224
1775423457096,500224
1775423457097,500224
1775423457098,500224
1775423457101,500224
1775423457102,500224
1775423457104,500224
1775423457107,500224
1775423457109,500224
1775423457111,500224
1775423457113,500224
1775423457115,500224
1775423457119,500224
1775423457120,500224
1775423457122,500224
1775423457123,500224
1775423457124,500224
1775423457125,500224
1775423457127,500224
1775423457128,500224
1775423457130,500224
1775423457131,500224
1775423457132,500224
1775423457134,500224
1775423457135,500224
1775423457136,500224
1775423457140,500224
1775423457142,500224
1775423457145,500224
1775423457149,500224
1775423457151,500224
1775423457154,500224
1775423457157,500224
1775423457159,500224
1775423457162,500224
1775423457164,500224
1775423457166,500224
1775423457167,500224
1775423457169,500224
1775423457171,500224
1775423457175,500224
1775423457182,500224
1775423457184,500224
1775423457186,500224
1775423457188,500224
1775423457191,500224
1775423457194,500224
1775423457198,500224
1775423457200,500224
1775423457202,500224
1775423457204,500224
1775423457207,500224
1775423457209,500224
1775423457214,500224
1775423457215,500224
1775423457217,500224
1775423457219,500224
1775423457221,500224
1775423457222,500224
1775423457223,500224
1775423457225,500224
1775423457226,500224
1775423457227,500224
1775423457228,500224
1775423457230,500224
1775423457231,500224
1775423457233,500224
1775423457234,500224
1775423457236,500224
1775423457237,500224
1775423457239,500224
1775423457245,500224
1775423457246,500224
1775423457253,500224
1775423457259,500224
1775423457261,500224
1775423457264,500224
1775423457267,500224
1775423457269,500224
1775423457271,500224
1775423457272,500224
1775423457274,500224
1775423457275,500224
1775423457277,500224
1775423457278,500224
1775423457279,500224
1775423457281,500224
1775423457285,500224
1775423457288,500224
1775423457294,500224
1775423457297,500224
1775423457299,500224
1775423457302,500224
1775423457306,500224
1775423457310,500224
1775423457312,500224
1775423457315,500224
1775423457318,500224
1775423457321,500224
1775423457324,500224
1775423457327,500224
1775423457330,500224
1775423457333,500224
1775423457337,500224
1775423457339,500224
1775423457341,500224
1775423457347,500224
1775423457350,500224
1775423457352,500224
1775423457354,500224
1775423457361,500224
1775423457364,500224
1775423457367,500224
1775423457369,500224
1775423457372,500224
1775423457375,500224
1775423457377,500224
1775423457379,500224
1775423457382,500224
1775423457385,500224
1775423457387,500224
1775423457389,500224
1775423457391,500224
1775423457393,500224
1775423457395,500224
1775423457398,500224
1775423457400,500224
1775423457403,500224
1775423457405,500224
1775423457407,500224
1775423457409,500224
1775423457410,500224
1775423457412,500224
1775423457413,500224
1775423457415,500224
1775423457419,500224
1775423457422,500224
1775423457424,500224
1775423457429,500224
1775423457431,500224
1775423457432,500224
1775423457434,500224
1775423457437,500224
1775423457440,500224
1775423457442,500224
1775423457444,500224
1775423457447,500224
1775423457449,500224
1775423457452,500224
1775423457455,500224
1775423457458,500224
1775423457460,500224
1775423457463,500224
1775423457466,500224
1775423457467,500224
1775423457469,500224
1775423457470,500224
1775423457472,500224
1775423457473,500224
1775423457474,500224
1775423457476,500224
1775423457477,500224
1775423457479,500224
1775423457480,500224
1775423457482,500224
1775423457484,500224
1775423457494,500224
1775423457498,500224
1775423457504,500224
1775423457512,500224
1775423457513,500224
1775423457515,500224
1775423457517,500224
1775423457518,500224
1775423457520,500224
1775423457523,500224
1775423457526,500224
1775423457529,500224
1775423457537,500224
1775423457539,500224
1775423457541,500224
1775423457550,500224
1775423457552,500224
1775423457559,500224
1775423457561,500224
1775423457568,500224
1775423457571,500224
1775423457573,500224
1775423457576,500224
1775423457579,500224
1775423457581,500224
1775423457584,500224
1775423457586,500224
1775423457588,500224
1775423457591,500224
1775423457593,500224
1775423457595,500224
1775423457596,500224
1775423457598,500224
1775423457601,500224
1775423457602,500224
1775423457604,500224
1775423457605,500224
1775423457606,500224
1775423457608,500224
1775423457609,500224
1775423457610,500224
1775423457613,500224
1775423457615,500224
1775423457617,500224
1775423457618,500224
1775423457624,500224
1775423457627,500224
1775423457632,500224
1775423457634,500224
1775423457637,500224
1775423457640,500224
1775423457642,500224
1775423457645,500224
1775423457648,500224
1775423457650,500224
1775423457651,500224
1775423457653,500224
1775423457654,500224
1775423457656,500224
1775423457657,500224
1775423457658,500224
1775423457661,500224
1775423457663,500224
1775423457666,500224
1775423457668,500224
1775423457669,500224
1775423457670,500224
1775423457672,500224
1775423457673,500224
1775423457674,500224
1775423457675,500224
1775423457678,500224
1775423457682,500224
1775423457684,500224
1775423457686,500224
1775423457688,500224
1775423457693,500224
1775423457696,500224
1775423457698,500224
1775423457699,500224
1775423457700,500224
1775423457702,500224
1775423457703,500224
1775423457704,500224
1775423457705,500224
1775423457707,500224
1775423457708,500224
1775423457709,500224
1775423457710,500224
1775423457712,500224
1775423457713,500224
1775423457718,500224
1775423457721,500224
1775423457722,500224
1775423457723,500224
1775423457726,500224
1775423457728,500224
1775423457729,500224
1775423457731,500224
1775423457733,500224
1775423457734,500224
1775423457735,500224
1775423457742,500224
1775423457744,500224
1775423457747,500224
1775423457750,500224
1775423457752,500224
1775423457755,500224
1775423457757,500224
1775423457759,500224
1775423457761,500224
1775423457763,500224
1775423457764,500224
1775423457766,500224
1775423457769,500224
1775423457771,500224
1775423457774,500224
1775423457776,500224
1775423457778,500224
1775423457781,500224
1775423457783,500224
1775423457785,500224
1775423457787,500224
1775423457793,500224
1775423457796,500224
1775423457798,500224
1775423457801,500224
1775423457803,500224
1775423457806,500224
1775423457811,500224
1775423457812,500224
1775423457814,500224
1775423457815,500224
1775423457817,500224
1775423457819,500224
1775423457820,500224
1775423457822,500224
1775423457825,500224
1775423457827,500224
1775423457829,500224
1775423457832,500224
1775423457834,500224
1775423457842,500224
1775423457843,500224
1775423457845,500224
1775423457846,500224
1775423457848,500224
1775423457855,500224
1775423457858,500224
1775423457860,500224
1775423457863,500224
1775423457866,500224
1775423457868,500224
1775423457871,500224
1775423457874,500224
1775423457876,500224
1775423457879,500224
1775423457882,500224
1775423457885,500224
1775423457891,500224
1775423457894,500224
1775423457896,500224
1775423457899,500224
1775423457902,500224
1775423457904,500224
1775423457907,500224
1775423457910,500224
1775423457912,500224
1775423457913,500224
1775423457914,500224
1775423457916,500224
1775423457917,500224
1775423457918,500224
1775423457919,500224
1775423457922,500224
1775423457925,500224
1775423457933,500224
1775423457935,500224
1775423457937,500224
1775423457938,500224
1775423457941,500224
1775423457942,500224
1775423457944,500224
1775423457946,500224
1775423457947,500224
1775423457949,500224
1775423457950,500224
1775423457951,500224
1775423457953,500224
1775423457959,500224
1775423457961,500224
1775423457962,500224
1775423457963,500224
1775423457966,500224
1775423457968,500224
1775423457971,500224
1775423457972,500224
1775423457973,500224
1775423457976,500224
1775423457978,500224
1775423457979,500224
1775423457980,500224
1775423457981,500224
1775423457983,500224
1775423457990,500224
1775423457992,500224
1775423457993,500224
1775423457996,500224
1775423457998,500224
1775423458004,500224
1775423458007,500224
1775423458010,500224
1775423458013,500224
1775423458014,500224
1775423458016,500224
1775423458017,500224
1775423458019,500224
1775423458020,500224
1775423458021,500224
1775423458024,500224
1775423458027,500224
1775423458030,500224
1775423458032,500224
1775423458035,500224
1775423458038,500224
1775423458040,500224
1775423458042,500224
1775423458045,500224
1775423458047,500224
1775423458049,500224
1775423458052,500224
1775423458054,500224
1775423458056,500224
1775423458058,500224
1775423458059,500224
1775423458061,500224
1775423458062,500224
1775423458064,500224
1775423458067,500224
1775423458070,500224
1775423458073,500224
1775423458074,500224
1775423458076,500224
1775423458077,500224
1775423458079,500224
1775423458080,500224
1775423458081,500224
1775423458082,500224
1775423458084,500224
1775423458085,500224
1775423458087,500224
1775423458089,500224
1775423458090,500224
1775423458092,500224
1775423458093,500224
1775423458094,500224
1775423458095,500224
1775423458097,500224
1775423458098,500224
1775423458099,500224
1775423458101,500224
1775423458102,500224
1775423458103,500224
1775423458106,500224
1775423458109,500224
1775423458111,500224
1775423458113,500224
1775423458115,500224
1775423458117,500224
1775423458119,500224
1775423458137,500224
1775423458141,500224
1775423458144,500224
1775423458147,500224
1775423458149,500224
1775423458151,500224
1775423458165,500224
1775423458168,500224
1775423458172,500224
1775423458177,500224
1775423458179,500224
1775423458181,500224
1775423458182,500224
1775423458184,500224
1775423458185,500224
1775423458187,500224
1775423458188,500224
1775423458189,500224
1775423458191,500224
1775423458192,500224
1775423458193,500224
1775423458195,500224
1775423458197,500224
1775423458198,500224
1775423458201,500224
1775423458203,500224
1775423458206,500224
1775423458207,500224
1775423458208,500224
1775423458209,500224
1775423458211,500224
1775423458212,500224
1775423458213,500224
1775423458215,500224
1775423458216,500224
1775423458217,500224
1775423458219,500224
1775423458222,500224
1775423458227,500224
1775423458230,500224
1775423458239,500224
1775423458245,500224
1775423458247,500224
1775423458249,500224
1775423458251,500224
1775423458252,500224
1775423458254,500224
1775423458256,500224
1775423458258,500224
1775423458260,500224
1775423458262,500224
1775423458263,500224
1775423458265,500224
1775423458267,500224
1775423458269,500224
1775423458272,500224
1775423458274,500224
1775423458275,500224
1775423458277,500224
1775423458278,500224
1775423458280,500224
1775423458281,500224
1775423458289,500224
1775423458292,500224
1775423458294,500224
1775423458296,500224
1775423458298,500224
1775423458301,500224
1775423458304,500224
1775423458307,500224
1775423458309,500224
1775423458313,500224
1775423458316,500224
1775423458318,500224
1775423458319,500224
1775423458321,500224
1775423458323,500224
1775423458324,500224
1775423458326,500224
1775423458327,500224
1775423458329,500224
1775423458330,500224
1775423458332,500224
1775423458333,500224
1775423458335,500224
1775423458341,500224
1775423458344,500224
1775423458346,500224
1775423458349,500224
1775423458357,500224
1775423458360,500224
1775423458364,500224
1775423458367,500224
1775423458369,500224
1775423458372,500224
1775423458375,500224
1775423458377,500224
1775423458379,500224
1775423458385,500224
1775423458392,500224
1775423458395,500224
1775423458397,500224
1775423458399,500224
1775423458402,500224
1775423458403,500224
1775423458406,500224
1775423458408,500224
1775423458411,500224
1775423458413,500224
1775423458415,500224
1775423458416,500224
1775423458419,500224
1775423458421,500224
1775423458423,500224
1775423458424,500224
1775423458427,500224
1775423458429,500224
1775423458431,500224
1775423458432,500224
1775423458434,500224
1775423458436,500224
1775423458438,500224
1775423458439,500224
1775423458441,500224
1775423458442,500224
1775423458444,500224
1775423458446,500224
1775423458447,500224
1775423458449,500224
1775423458450,500224
1775423458451,500224
1775423458454,500224
1775423458456,500224
1775423458458,500224
1775423458460,500224
1775423458462,500224
1775423458464,500224
1775423458466,500224
1775423458468,500224
1775423458469,500224
1775423458471,500224
1775423458472,500224
1775423458474,500224
1775423458476,500224
1775423458477,500224
1775423458478,500224
1775423458480,500224
1775423458481,500224
1775423458486,500224
1775423458490,500224
1775423458493,500224
1775423458495,500224
1775423458498,500224
1775423458500,500224
1775423458502,500224
1775423458505,500224
1775423458508,500224
1775423458510,500224
1775423458512,500224
1775423458515,500224
1775423458524,500224
1775423458535,500224
1775423458538,500224
1775423458540,500224
1775423458542,500224
1775423458543,500224
1775423458558,500224
1775423458567,500224
1775423458572,500224
1775423458573,500224
1775423458574,500224
1775423458577,500224
1775423458580,500224
1775423458583,500224
1775423458586,500224
1775423458588,500224
1775423458590,500224
1775423458592,500224
1775423458594,500224
1775423458597,500224
1775423458599,500224
1775423458601,500224
1775423458604,500224
1775423458605,500224
1775423458607,500224
1775423458609,500224
1775423458610,500224
1775423458612,500224
1775423458614,500224
1775423458616,500224
1775423458617,500224
1775423458619,500224
1775423458621,500224
1775423458623,500224
1775423458624,500224
1775423458626,500224
1775423458627,500224
1775423458629,500224
1775423458632,500224
1775423458635,500224
1775423458637,500224
1775423458642,500224
1775423458645,500224
1775423458647,500224
1775423458650,500224
1775423458652,500224
1775423458656,500224
1775423458660,500224
1775423458664,500224
1775423458670,500224
1775423458674,500224
1775423458677,500224
1775423458684,500224
1775423458688,500224
1775423458691,500224
1775423458693,500224
1775423458696,500224
1775423458697,500224
1775423458718,500224
1775423458721,500224
1775423458727,500224
1775423458735,500224
1775423458740,500224
1775423458744,500224
1775423458747,500224
1775423458752,500224
1775423458754,500224
1775423458759,500224
1775423458762,500224
1775423458764,500224
1775423458767,500224
1775423458769,500224
1775423458772,500224
1775423458776,500224
1775423458779,500224
1775423458781,500224
1775423458784,500224
1775423458786,500224
1775423458788,500224
1775423458790,500224
1775423458797,500224
1775423458799,500224
1775423458802,500224
1775423458805,500224
1775423458808,500224
1775423458812,500224
1775423458814,500224
1775423458816,500224
1775423458818,500224
1775423458821,500224
1775423458826,500224
1775423458829,500224
1775423458832,500224
1775423458834,500224
1775423458838,500224
1775423458845,500224
1775423458852,500224
1775423458857,500224
1775423458859,500224
1775423458863,500224
1775423458867,500224
1775423458870,500224
1775423458871,500224
1775423458873,500224
1775423458874,500224
1775423458876,500224
1775423458880,500224
1775423458884,500224
1775423458887,500224
1775423458890,500224
1775423458893,500224
1775423458895,500224
1775423458897,500224
1775423458900,500224
1775423458905,500224
1775423458913,500224
1775423458916,500224
1775423458919,500224
1775423458922,500224
1775423458924,500224
1775423458926,500224
1775423458930,500224
1775423458933,500224
1775423458938,500224
1775423458941,500224
1775423458944,500224
1775423458961,500224
1775423458968,500224
1775423458971,500224
1775423458974,500224
1775423458977,500224
1775423458978,500224
1775423458981,500224
1775423458984,500224
1775423458988,500224
1775423458990,500224
1775423458992,500224
1775423458994,500224
1775423458997,500224
1775423459000,500224
1775423459004,500224
1775423459008,500224
1775423459011,500224
1775423459012,500224
1775423459014,500224
1775423459016,500224
1775423459019,500224
1775423459022,500224
1775423459027,500224
1775423459032,500224
1775423459035,500224
1775423459041,500224
1775423459044,500224
1775423459047,500224
1775423459052,500224
1775423459068,500224
1775423459072,500224
1775423459075,500224
1775423459079,500224
1775423459081,500224
1775423459086,500224
1775423459088,500224
1775423459092,500224
1775423459096,500224
1775423459098,500224
1775423459102,500224
1775423459105,500224
1775423459107,500224
1775423459110,500224
1775423459113,500224
1775423459114,500224
1775423459117,500224
1775423459122,500224
1775423459124,500224
1775423459126,500224
1775423459128,500224
1775423459132,500224
1775423459134,500224
1775423459136,500224
1775423459140,500224
1775423459146,500224
1775423459150,500224
1775423459152,500224
1775423459153,500224
1775423459157,500224
1775423459160,500224
1775423459162,500224
1775423459166,500224
1775423459169,500224
1775423459172,500224
1775423459174,500224
1775423459175,500224
1775423459177,500224
1775423459179,500224
1775423459180,500224
1775423459182,500224
1775423459183,500224
1775423459186,500224
1775423459188,500224
1775423459190,500224
1775423459192,500224
1775423459193,500224
1775423459195,500224
1775423459197,500224
1775423459200,500224
1775423459205,500224
1775423459210,500224
1775423459214,500224
1775423459218,500224
1775423459222,500224
1775423459224,500224
1775423459226,500224
1775423459231,500224
1775423459233,500224
1775423459235,500224
1775423459239,500224
1775423459242,500224
1775423459245,500224
1775423459249,500224
1775423459252,500224
1775423459254,500224
1775423459258,500224
1775423459260,500224
1775423459262,500224
1775423459268,500224
1775423459271,500224
1775423459273,500224
1775423459276,500224
1775423459278,500224
1775423459280,500224
1775423459283,500224
1775423459285,500224
1775423459287,500224
1775423459291,500224
1775423459294,500224
1775423459298,500224
1775423459300,500224
1775423459303,500224
1775423459304,500224
1775423459307,500224
1775423459310,500224
1775423459313,500224
1775423459315,500224
1775423459321,500224
1775423459324,500224
1775423459325,500224
1775423459328,500224
1775423459331,500224
1775423459333,500224
1775423459337,500224
1775423459340,500224
1775423459343,500224
1775423459345,500224
1775423459347,500224
1775423459350,500224
1775423459358,500224
1775423459360,500224
1775423459362,500224
1775423459364,500224
1775423459368,500224
1775423459370,500224
1775423459372,500224
1775423459373,500224
1775423459374,500224
1775423459378,500224
1775423459382,500224
1775423459385,500224
1775423459388,500224
1775423459391,500224
1775423459392,500224
1775423459396,500224
1775423459397,500224
1775423459398,500224
1775423459400,500224
1775423459402,500224
1775423459407,500224
1775423459409,500224
1775423459412,500224
1775423459414,500224
1775423459417,500224
1775423459419,500224
1775423459421,500224
1775423459422,500224
1775423459425,500224
1775423459430,500224
1775423459438,500224
1775423459442,500224
1775423459444,500224
1775423459446,500224
1775423459449,500224
1775423459451,500224
1775423459453,500224
1775423459457,500224
1775423459462,500224
1775423459466,500224
1775423459472,500224
1775423459479,500224
1775423459485,500224
1775423459489,500224
1775423459491,500224
1775423459494,500224
1775423459499,500224
1775423459503,500224
1775423459506,500224
1775423459509,500224
1775423459511,500224
1775423459516,500224
1775423459527,500224
1775423459530,500224
1775423459532,500224
1775423459534,500224
1775423459538,500224
1775423459540,500224
1775423459543,500224
1775423459544,500224
1775423459547,500224
1775423459549,500224
1775423459553,500224
1775423459562,500224
1775423459563,500224
1775423459565,500224
1775423459567,500224
1775423459571,500224
1775423459573,500224
1775423459574,500224
1775423459576,500224
1775423459579,500224
1775423459582,500224
1775423459585,500224
1775423459587,500224
1775423459590,500224
1775423459597,500224
1775423459600,500224
1775423459601,500224
1775423459602,500224
1775423459606,500224
1775423459608,500224
1775423459614,500224
1775423459621,500224
1775423459626,500224
1775423459629,500224
1775423459632,500224
1775423459634,500224
1775423459637,500224
1775423459640,500224
1775423459642,500224
1775423459644,500224
1775423459646,500224
1775423459648,500224
1775423459650,500224
1775423459652,500224
1775423459654,500224
1775423459658,500224
1775423459661,500224
1775423459664,500224
1775423459668,500224
1775423459670,500224
1775423459673,500224
1775423459676,500224
1775423459678,500224
1775423459681,500224
1775423459683,500224
1775423459685,500224
1775423459687,500224
1775423459689,500224
1775423459691,500224
1775423459694,500224
1775423459699,500224
1775423459703,500224
1775423459705,500224
1775423459707,500224
1775423459709,500224
1775423459713,500224
1775423459716,500224
1775423459718,500224
1775423459721,500224
1775423459723,500224
1775423459724,500224
1775423459727,500224
1775423459729,500224
1775423459730,500224
1775423459733,500224
1775423459735,500224
1775423459737,500224
1775423459739,500224
1775423459741,500224
1775423459743,500224
1775423459748,500224
1775423459756,500224
1775423459759,500224
1775423459762,500224
1775423459764,500224
1775423459768,500224
1775423459774,500224
1775423459778,500224
1775423459780,500224
1775423459783,500224
1775423459786,500224
1775423459792,500224
1775423459794,500224
1775423459797,500224
1775423459801,500224
1775423459804,500224
1775423459807,500224
1775423459810,500224
1775423459813,500224
1775423459816,500224
1775423459820,500224
1775423459823,500224
1775423459827,500224
1775423459830,500224
1775423459833,500224
1775423459834,500224
1775423459836,500224
1775423459839,500224
1775423459843,500224
1775423459847,500224
1775423459850,500224
1775423459851,500224
1775423459860,500224
1775423459862,500224
1775423459865,500224
1775423459868,500224
1775423459871,500224
1775423459875,500224
1775423459878,500224
1775423459883,500224
1775423459885,500224
1775423459888,500224
1775423459890,500224
1775423459892,500224
1775423459894,500224
1775423459896,500224
1775423459898,500224
1775423459903,500224
1775423459907,500224
1775423459923,500224
1775423459927,500224
1775423459929,500224
1775423459931,500224
1775423459933,500224
1775423459935,500224
1775423459937,500224
1775423459939,500224
1775423459941,500224
1775423459943,500224
1775423459944,500224
1775423459945,500224
1775423459948,500224
1775423459952,500224
1775423459954,500224
1775423459957,500224
1775423459958,500224
1775423459960,500224
1775423459964,500224
1775423459969,500224
1775423459972,500224
1775423459974,500224
1775423459976,500224
1775423459980,500224
1775423459986,500224
1775423459989,500224
1775423459991,500224
1775423459993,500224
1775423459997,500224
1775423459999,500224
1775423460008,500224
1775423460015,500224
1775423460016,500224
1775423460018,500224
1775423460019,500224
1775423460024,500224
1775423460026,500224
1775423460027,500224
1775423460029,500224
1775423460031,500224
1775423460033,500224
1775423460036,500224
1775423460041,500224
1775423460045,500224
1775423460050,500224
1775423460053,500224
1775423460056,500224
1775423460058,500224
1775423460061,500224
1775423460062,500224
1775423460067,500224
1775423460074,500224
1775423460076,500224
1775423460078,500224
1775423460082,500224
1775423460085,500224
1775423460088,500224
1775423460090,500224
1775423460092,500224
1775423460094,500224
1775423460095,500224
1775423460099,500224
1775423460102,500224
1775423460105,500224
1775423460110,500224
1775423460113,500224
1775423460115,500224
1775423460116,500224
1775423460120,500224
1775423460123,500224
1775423460124,500224
1775423460128,500224
1775423460131,500224
1775423460136,500224
1775423460141,500224
1775423460144,500224
1775423460146,500224
1775423460147,500224
1775423460150,500224
1775423460152,500224
1775423460154,500224
1775423460156,500224
1775423460157,500224
1775423460161,500224
1775423460163,500224
1775423460164,500224
1775423460166,500224
1775423460170,500224
1775423460174,500224
1775423460175,500224
1775423460181,500224
1775423460182,500224
1775423460184,500224
1775423460189,500224
1775423460191,500224
1775423460194,500224
1775423460196,500224
1775423460197,500224
1775423460200,500224
1775423460203,500224
1775423460205,500224
1775423460207,500224
1775423460219,500224
1775423460225,500224
1775423460228,500224
1775423460232,500224
1775423460236,500224
1775423460240,500224
1775423460243,500224
1775423460245,500224
1775423460247,500224
1775423460248,500224
1775423460250,500224
1775423460252,500224
1775423460254,500224
1775423460257,500224
1775423460261,500224
1775423460263,500224
1775423460267,500224
1775423460274,500224
1775423460278,500224
1775423460281,500224
1775423460283,500224
1775423460285,500224
1775423460288,500224
1775423460290,500224
1775423460294,500224
1775423460297,500224
1775423460300,500224
1775423460303,500224
1775423460306,500224
1775423460311,500224
1775423460313,500224
1775423460315,500224
1775423460318,500224
1775423460321,500224
1775423460322,500224
1775423460326,500224
1775423460329,500224
1775423460331,500224
1775423460333,500224
1775423460342,500224
1775423460346,500224
1775423460350,500224
1775423460352,500224
1775423460354,500224
1775423460356,500224
1775423460358,500224
1775423460366,500224
1775423460368,500224
1775423460373,500224
1775423460375,500224
1775423460377,500224
1775423460378,500224
1775423460381,500224
1775423460384,500224
1775423460385,500224
1775423460387,500224
1775423460389,500224
1775423460391,500224
1775423460395,500224
1775423460400,500224
1775423460403,500224
1775423460405,500224
1775423460409,500224
1775423460413,500224
1775423460416,500224
1775423460418,500224
1775423460420,500224
1775423460422,500224
1775423460424,500224
1775423460427,500224
1775423460429,500224
1775423460431,500224
1775423460433,500224
1775423460435,500224
1775423460437,500224
1775423460447,500224
1775423460449,500224
1775423460452,500224
1775423460454,500224
1775423460456,500224
1775423460458,500224
1775423460460,500224
1775423460463,500224
1775423460465,500224
1775423460466,500224
1775423460470,500224
1775423460473,500224
1775423460476,500224
1775423460479,500224
1775423460482,500224
1775423460484,500224
1775423460487,500224
1775423460488,500224
1775423460495,500224
1775423460499,500224
1775423460502,500224
1775423460503,500224
1775423460504,500224
1775423460507,500224
1775423460509,500224
1775423460510,500224
1775423460512,500224
1775423460514,500224
1775423460516,500224
1775423460518,500224
1775423460520,500224
1775423460523,500224
1775423460526,500224
1775423460529,500224
1775423460531,500224
1775423460533,500224
1775423460535,500224
1775423460537,500224
1775423460539,500224
1775423460540,500224
1775423460541,500224
1775423460542,500224
1775423460544,500224
1775423460545,500224
1775423460547,500224
1775423460548,500224
1775423460550,500224
1775423460551,500224
1775423460553,500224
1775423460554,500224
1775423460556,500224
1775423460558,500224
1775423460561,500224
1775423460566,500224
1775423460572,500224
1775423460575,500224
1775423460578,500224
1775423460580,500224
1775423460581,500224
1775423460583,500224
1775423460587,500224
1775423460590,500224
1775423460593,500224
1775423460595,500224
1775423460597,500224
1775423460600,500224
1775423460603,500224
1775423460604,500224
1775423460608,500224
1775423460611,500224
1775423460614,500224
1775423460616,500224
1775423460619,500224
1775423460621,500224
1775423460623,500224
1775423460625,500224
1775423460627,500224
1775423460628,500224
1775423460632,500224
1775423460636,500224
1775423460640,500224
1775423460644,500224
1775423460646,500224
1775423460648,500224
1775423460649,500224
1775423460652,500224
1775423460656,500224
1775423460665,500224
1775423460668,500224
1775423460670,500224
1775423460672,500224
1775423460676,500224
1775423460678,500224
1775423460681,500224
1775423460683,500224
1775423460684,500224
1775423460687,500224
1775423460690,500224
1775423460691,500224
1775423460692,500224
1775423460696,500224
1775423460699,500224
1775423460700,500224
1775423460703,500224
1775423460705,500224
1775423460708,500224
1775423460710,500224
1775423460711,500224
1775423460712,500224
1775423460715,500224
1775423460718,500224
1775423460719,500224
1775423460720,500224
1775423460724,500224
1775423460728,500224
1775423460730,500224
1775423460732,500224
1775423460736,500224
1775423460738,500224
1775423460741,500224
1775423460742,500224
1775423460745,500224
1775423460748,500224
1775423460750,500224
1775423460751,500224
1775423460753,500224
1775423460755,500224
1775423460758,500224
1775423460763,500224
1775423460765,500224
1775423460768,500224
1775423460770,500224
1775423460774,500224
1775423460776,500224
1775423460778,500224
1775423460781,500224
1775423460783,500224
1775423460785,500224
1775423460787,500224
1775423460789,500224
1775423460791,500224
1775423460794,500224
1775423460796,500224
1775423460799,500224
1775423460801,500224
1775423460804,500224
1775423460806,500224
1775423460810,500224
1775423460812,500224
1775423460814,500224
1775423460817,500224
1775423460819,500224
1775423460821,500224
1775423460823,500224
1775423460825,500224
1775423460828,500224
1775423460831,500224
1775423460834,500224
1775423460837,500224
1775423460839,500224
1775423460840,500224
1775423460843,500224
1775423460846,500224
1775423460848,500224
1775423460849,500224
1775423460853,500224
1775423460855,500224
1775423460863,500224
1775423460871,500224
1775423460874,500224
1775423460877,500224
1775423460879,500224
1775423460882,500224
1775423460884,500224
1775423460887,500224
1775423460890,500224
1775423460893,500224
1775423460896,500224
1775423460898,500224
1775423460901,500224
1775423460903,500224
1775423460905,500224
1775423460908,500224
1775423460911,500224
1775423460915,500224
1775423460917,500224
1775423460921,500224
1775423460925,500224
1775423460930,500224
1775423460932,500224
1775423460937,500224
1775423460942,500224
1775423460945,500224
1775423460949,500224
1775423460952,500224
1775423460954,500224
1775423460956,500224
1775423460959,500224
1775423460962,500224
1775423460965,500224
1775423460968,500224
1775423460970,500224
1775423460972,500224
1775423460974,500224
1775423460977,500224
1775423460979,500224
1775423460982,500224
1775423460984,500224
1775423460986,500224
1775423460988,500224
1775423460990,500224
1775423460992,500224
1775423460994,500224
1775423460996,500224
1775423460999,500224
1775423461003,500224
1775423461005,500224
1775423461011,500224
1775423461013,500224
1775423461016,500224
1775423461022,500224
1775423461025,500224
1775423461028,500224
1775423461030,500224
1775423461032,500224
1775423461033,500224
1775423461035,500224
1775423461037,500224
1775423461038,500224
1775423461039,500224
1775423461041,500224
1775423461043,500224
1775423461044,500224
1775423461046,500224
1775423461053,500224
1775423461054,500224
1775423461056,500224
1775423461057,500224
1775423461062,500224
1775423461066,500224
1775423461069,500224
1775423461073,500224
1775423461076,500224
1775423461079,500224
1775423461082,500224
1775423461083,500224
1775423461086,500224
1775423461088,500224
1775423461091,500224
1775423461092,500224
1775423461094,500224
1775423461095,500224
1775423461099,500224
1775423461102,500224
1775423461105,500224
1775423461110,500224
1775423461132,500224
1775423461135,500224
1775423461137,500224
1775423461139,500224
1775423461142,500224
1775423461143,500224
1775423461146,500224
1775423461148,500224
1775423461150,500224
1775423461152,500224
1775423461156,500224
1775423461159,500224
1775423461161,500224
1775423461162,500224
1775423461164,500224
1775423461165,500224
1775423461168,500224
1775423461170,500224
1775423461171,500224
1775423461174,500224
1775423461176,500224
1775423461178,500224
1775423461179,500224
1775423461181,500224
1775423461183,500224
1775423461184,500224
1775423461187,500224
1775423461190,500224
1775423461192,500224
1775423461193,500224
1775423461195,500224
1775423461196,500224
1775423461198,500224
1775423461199,500224
1775423461201,500224
1775423461202,500224
1775423461204,500224
1775423461205,500224
1775423461207,500224
1775423461208,500224
1775423461210,500224
1775423461211,500224
1775423461213,500224
1775423461214,500224
1775423461216,500224
1775423461218,500224
1775423461220,500224
1775423461222,500224
1775423461223,500224
1775423461228,500224
1775423461230,500224
1775423461232,500224
1775423461235,500224
1775423461238,500224
1775423461242,500224
1775423461246,500224
1775423461249,500224
1775423461253,500224
1775423461256,500224
1775423461259,500224
1775423461261,500224
1775423461264,500224
1775423461266,500224
1775423461268,500224
1775423461270,500224
1775423461274,500224
1775423461276,500224
1775423461277,500224
1775423461280,500224
1775423461283,500224
1775423461286,500224
1775423461289,500224
1775423461292,500224
1775423461294,500224
1775423461295,500224
1775423461298,500224
1775423461301,500224
1775423461303,500224
1775423461304,500224
1775423461305,500224
1775423461308,500224
1775423461312,500224
1775423461315,500224
1775423461316,500224
1775423461318,500224
1775423461320,500224
1775423461323,500224
1775423461326,500224
1775423461328,500224
1775423461330,500224
1775423461332,500224
1775423461335,500224
1775423461339,500224
1775423461342,500224
1775423461344,500224
1775423461345,500224
1775423461353,500224
1775423461359,500224
1775423461362,500224
1775423461364,500224
1775423461366,500224
1775423461367,500224
1775423461369,500224
1775423461373,500224
1775423461376,500224
1775423461380,500224
1775423461384,500224
1775423461386,500224
1775423461388,500224
1775423461389,500224
1775423461393,500224
1775423461396,500224
1775423461399,500224
1775423461403,500224
1775423461404,500224
1775423461407,500224
1775423461411,500224
1775423461413,500224
1775423461415,500224
1775423461418,500224
1775423461424,500224
1775423461426,500224
1775423461427,500224
1775423461430,500224
1775423461438,500224
1775423461441,500224
1775423461445,500224
1775423461448,500224
1775423461450,500224
1775423461453,500224
1775423461455,500224
1775423461461,500224
1775423461465,500224
1775423461467,500224
1775423461468,500224
1775423461472,500224
1775423461475,500224
1775423461477,500224
1775423461479,500224
1775423461489,500224
1775423461491,500224
1775423461492,500224
1775423461495,500224
1775423461499,500224
1775423461502,500224
1775423461504,500224
1775423461506,500224
1775423461509,500224
1775423461512,500224
1775423461515,500224
1775423461517,500224
1775423461519,500224
1775423461523,500224
1775423461526,500224
1775423461529,500224
1775423461532,500224
1775423461534,500224
1775423461537,500224
1775423461540,500224
1775423461542,500224
1775423461544,500224
1775423461549,500224
1775423461551,500224
1775423461555,500224
1775423461557,500224
1775423461558,500224
1775423461561,500224
1775423461564,500224
1775423461568,500224
1775423461570,500224
1775423461575,500224
1775423461578,500224
1775423461580,500224
1775423461584,500224
1775423461586,500224
1775423461587,500224
1775423461590,500224
1775423461592,500224
1775423461595,500224
1775423461597,500224
1775423461604,500224
1775423461606,500224
1775423461609,500224
1775423461612,500224
1775423461614,500224
1775423461629,500224
1775423461633,500224
1775423461635,500224
1775423461637,500224
1775423461641,500224
1775423461643,500224
1775423461647,500224
1775423461649,500224
1775423461652,500224
1775423461654,500224
1775423461657,500224
1775423461659,500224
1775423461661,500224
1775423461663,500224
1775423461665,500224
1775423461667,500224
1775423461674,500224
1775423461675,500224
1775423461678,500224
1775423461680,500224
1775423461686,500224
1775423461687,500224
1775423461692,500224
1775423461693,500224
1775423461695,500224
1775423461698,500224
1775423461700,500224
1775423461701,500224
1775423461703,500224
1775423461704,500224
1775423461705,500224
1775423461708,500224
1775423461711,500224
1775423461713,500224
1775423461716,500224
1775423461719,500224
1775423461721,500224
1775423461726,500224
1775423461730,500224
1775423461731,500224
1775423461733,500224
1775423461736,500224
1775423461739,500224
1775423461741,500224
1775423461743,500224
1775423461745,500224
1775423461751,500224
1775423461753,500224
1775423461756,500224
1775423461759,500224
1775423461761,500224
1775423461763,500224
1775423461764,500224
1775423461765,500224
1775423461768,500224
1775423461771,500224
1775423461773,500224
1775423461774,500224
1775423461778,500224
1775423461780,500224
1775423461782,500224
1775423461783,500224
1775423461785,500224
1775423461787,500224
1775423461788,500224
1775423461790,500224
1775423461791,500224
1775423461793,500224
1775423461798,500224
1775423461801,500224
1775423461803,500224
1775423461804,500224
1775423461807,500224
1775423461809,500224
1775423461810,500224
1775423461812,500224
1775423461813,500224
1775423461815,500224
1775423461816,500224
1775423461818,500224
1775423461819,500224
1775423461821,500224
1775423461822,500224
1775423461825,500224
1775423461826,500224
1775423461828,500224
1775423461831,500224
1775423461832,500224
1775423461834,500224
1775423461835,500224
1775423461836,500224
1775423461839,500224
1775423461840,500224
1775423461842,500224
1775423461846,500224
1775423461848,500224
1775423461851,500224
1775423461854,500224
1775423461857,500224
1775423461858,500224
1775423461860,500224
1775423461863,500224
1775423461866,500224
1775423461869,500224
1775423461871,500224
1775423461872,500224
1775423461874,500224
1775423461876,500224
1775423461879,500224
1775423461882,500224
1775423461883,500224
1775423461886,500224
1775423461888,500224
1775423461890,500224
1775423461899,500224
1775423461905,500224
1775423461907,500224
1775423461910,500224
1775423461912,500224
1775423461914,500224
1775423461916,500224
1775423461920,500224
1775423461923,500224
1775423461925,500224
1775423461927,500224
1775423461930,500224
1775423461932,500224
1775423461933,500224
1775423461935,500224
1775423461937,500224
1775423461939,500224
1775423461941,500224
1775423461943,500224
1775423461945,500224
1775423461946,500224
1775423461948,500224
1775423461949,500224
1775423461951,500224
1775423461954,500224
1775423461956,500224
1775423461958,500224
1775423461960,500224
1775423461969,500224
1775423461971,500224
1775423461973,500224
1775423461975,500224
1775423461977,500224
1775423461979,500224
1775423461980,500224
1775423461981,500224
1775423461983,500224
1775423461984,500224
1775423461985,500224
1775423461988,500224
1775423461990,500224
1775423461991,500224
1775423461993,500224
1775423461996,500224
1775423462000,500224
1775423462008,500224
1775423462010,500224
1775423462011,500224
1775423462014,500224
1775423462016,500224
1775423462018,500224
1775423462020,500224
1775423462023,500224
1775423462025,500224
1775423462026,500224
1775423462028,500224
1775423462030,500224
1775423462032,500224
1775423462034,500224
1775423462035,500224
1775423462039,500224
1775423462042,500224
1775423462046,500224
1775423462048,500224
1775423462051,500224
1775423462055,500224
1775423462057,500224
1775423462059,500224
1775423462061,500224
1775423462063,500224
1775423462065,500224
1775423462067,500224
1775423462069,500224
1775423462075,500224
1775423462079,500224
1775423462083,500224
1775423462086,500224
1775423462089,500224
1775423462092,500224
1775423462094,500224
1775423462096,500224
1775423462097,500224
1775423462099,500224
1775423462106,500224
1775423462108,500224
1775423462112,500224
1775423462115,500224
1775423462117,500224
1775423462120,500224
1775423462123,500224
1775423462124,500224
1775423462126,500224
1775423462127,500224
1775423462129,500224
1775423462132,500224
1775423462134,500224
1775423462139,500224
1775423462141,500224
1775423462144,500224
1775423462146,500224
1775423462148,500224
1775423462155,500224
1775423462159,500224
1775423462163,500224
1775423462165,500224
1775423462168,500224
1775423462171,500224
1775423462173,500224
1775423462176,500224
1775423462178,500224
1775423462179,500224
1775423462183,500224
1775423462185,500224
1775423462188,500224
1775423462191,500224
1775423462195,500224
1775423462198,500224
1775423462202,500224
1775423462205,500224
1775423462208,500224
1775423462210,500224
1775423462213,500224
1775423462215,500224
1775423462217,500224
1775423462219,500224
1775423462225,500224
1775423462228,500224
1775423462230,500224
1775423462232,500224
1775423462234,500224
1775423462235,500224
1775423462237,500224
1775423462238,500224
1775423462239,500224
1775423462241,500224
1775423462242,500224
1775423462244,500224
1775423462245,500224
1775423462247,500224
1775423462248,500224
1775423462250,500224
1775423462251,500224
1775423462253,500224
1775423462254,500224
1775423462257,500224
1775423462258,500224
1775423462260,500224
1775423462262,500224
1775423462265,500224
1775423462267,500224
1775423462271,500224
1775423462273,500224
1775423462275,500224
1775423462278,500224
1775423462281,500224
1775423462283,500224
1775423462291,500224
1775423462294,500224
1775423462295,500224
1775423462298,500224
1775423462300,500224
1775423462303,500224
1775423462306,500224
1775423462308,500224
1775423462310,500224
1775423462312,500224
1775423462314,500224
1775423462316,500224
1775423462317,500224
1775423462319,500224
1775423462321,500224
1775423462324,500224
1775423462326,500224
1775423462328,500224
1775423462331,500224
1775423462332,500224
1775423462334,500224
1775423462335,500224
1775423462336,500224
1775423462339,500224
1775423462341,500224
1775423462343,500224
1775423462345,500224
1775423462347,500224
1775423462349,500224
1775423462351,500224
1775423462352,500224
1775423462354,500224
1775423462355,500224
1775423462356,500224
1775423462358,500224
1775423462359,500224
1775423462360,500224
1775423462361,500224
1775423462363,500224
1775423462366,500224
1775423462369,500224
1775423462371,500224
1775423462374,500224
1775423462376,500224
1775423462378,500224
1775423462379,500224
1775423462380,500224
1775423462382,500224
1775423462385,500224
1775423462387,500224
1775423462390,500224
1775423462393,500224
1775423462396,500224
1775423462399,500224
1775423462423,500224
1775423462427,500224
1775423462429,500224
1775423462432,500224
1775423462436,500224
1775423462442,500224
1775423462444,500224
1775423462445,500224
1775423462453,500224
1775423462460,500224
1775423462463,500224
1775423462465,500224
1775423462468,500224
1775423462470,500224
1775423462473,500224
1775423462480,500224
1775423462485,500224
1775423462487,500224
1775423462490,500224
1775423462493,500224
1775423462495,500224
1775423462499,500224
1775423462502,500224
1775423462504,500224
1775423462512,500224
1775423462514,500224
1775423462515,500224
1775423462517,500224
1775423462518,500224
1775423462519,500224
1775423462523,500224
1775423462526,500224
1775423462529,500224
1775423462532,500224
1775423462535,500224
1775423462538,500224
1775423462540,500224
1775423462544,500224
1775423462550,500224
1775423462554,500224
1775423462557,500224
1775423462560,500224
1775423462562,500224
1775423462565,500224
1775423462572,500224
1775423462574,500224
1775423462577,500224
1775423462580,500224
1775423462584,500224
1775423462586,500224
1775423462588,500224
1775423462589,500224
1775423462591,500224
1775423462592,500224
1775423462595,500224
1775423462597,500224
1775423462598,500224
1775423462600,500224
1775423462602,500224
1775423462604,500224
1775423462605,500224
1775423462609,500224
1775423462617,500224
1775423462618,500224
1775423462620,500224
1775423462622,500224
1775423462624,500224
1775423462626,500224
1775423462628,500224
1775423462630,500224
1775423462631,500224
1775423462633,500224
1775423462640,500224
1775423462643,500224
1775423462650,500224
1775423462658,500224
1775423462661,500224
1775423462664,500224
1775423462666,500224
1775423462668,500224
1775423462670,500224
1775423462671,500224
1775423462673,500224
1775423462674,500224
1775423462677,500224
1775423462680,500224
1775423462681,500224
1775423462685,500224
1775423462688,500224
1775423462691,500224
1775423462695,500224
1775423462698,500224
1775423462701,500224
1775423462703,500224
1775423462706,500224
1775423462712,500224
1775423462713,500224
1775423462718,500224
1775423462721,500224
1775423462723,500224
1775423462727,500224
1775423462728,500224
1775423462730,500224
1775423462733,500224
1775423462735,500224
1775423462737,500224
1775423462739,500224
1775423462741,500224
1775423462743,500224
1775423462745,500224
1775423462746,500224
1775423462748,500224
1775423462751,500224
1775423462754,500224
1775423462756,500224
1775423462759,500224
1775423462761,500224
1775423462764,500224
1775423462767,500224
1775423462769,500224
1775423462771,500224
1775423462772,500224
1775423462775,500224
1775423462779,500224
1775423462780,500224
1775423462782,500224
1775423462785,500224
1775423462787,500224
1775423462789,500224
1775423462790,500224
1775423462793,500224
1775423462794,500224
1775423462796,500224
1775423462799,500224
1775423462806,500224
1775423462809,500224
1775423462812,500224
1775423462816,500224
1775423462820,500224
1775423462823,500224
1775423462825,500224
1775423462827,500224
1775423462828,500224
1775423462832,500224
1775423462838,500224
1775423462842,500224
1775423462844,500224
1775423462847,500224
1775423462849,500224
1775423462851,500224
1775423462853,500224
1775423462855,500224
1775423462858,500224
1775423462861,500224
1775423462864,500224
1775423462866,500224
1775423462869,500224
1775423462871,500224
1775423462872,500224
1775423462876,500224
1775423462879,500224
1775423462880,500224
1775423462882,500224
1775423462885,500224
1775423462890,500224
1775423462893,500224
1775423462896,500224
1775423462899,500224
1775423462902,500224
1775423462904,500224
1775423462906,500224
1775423462912,500224
1775423462916,500224
1775423462917,500224
1775423462919,500224
1775423462920,500224
1775423462921,500224
1775423462925,500224
1775423462926,500224
1775423462928,500224
1775423462930,500224
1775423462932,500224
1775423462934,500224
1775423462935,500224
1775423462936,500224
1775423462939,500224
1775423462942,500224
1775423462949,500224
1775423462951,500224
1775423462954,500224
1775423462957,500224
1775423462958,500224
1775423462960,500224
1775423462962,500224
1775423462963,500224
1775423462965,500224
1775423462968,500224
1775423462970,500224
1775423462971,500224
1775423462973,500224
1775423462977,500224
1775423462980,500224
1775423462982,500224
1775423462985,500224
1775423462986,500224
1775423462988,500224
1775423462990,500224
1775423462991,500224
1775423462992,500224
1775423462994,500224
1775423462995,500224
1775423462998,500224
1775423463001,500224
1775423463004,500224
1775423463007,500224
1775423463009,500224
1775423463011,500224
1775423463014,500224
1775423463017,500224
1775423463020,500224
1775423463022,500224
1775423463025,500224
1775423463028,500224
1775423463030,500224
1775423463033,500224
1775423463035,500224
1775423463038,500224
1775423463041,500224
1775423463045,500224
1775423463047,500224
1775423463048,500224
1775423463050,500224
1775423463052,500224
1775423463054,500224
1775423463056,500224
1775423463057,500224
1775423463067,500224
1775423463068,500224
1775423463069,500224
1775423463073,500224
1775423463075,500224
1775423463079,500224
1775423463084,500224
1775423463087,500224
1775423463092,500224
1775423463095,500224
1775423463101,500224
1775423463103,500224
1775423463104,500224
1775423463106,500224
1775423463108,500224
1775423463110,500224
1775423463112,500224
1775423463113,500224
1775423463115,500224
1775423463116,500224
1775423463118,500224
1775423463120,500224
1775423463122,500224
1775423463123,500224
1775423463124,500224
1775423463126,500224
1775423463127,500224
1775423463128,500224
1775423463131,500224
1775423463134,500224
1775423463137,500224
1775423463140,500224
1775423463143,500224
1775423463146,500224
1775423463147,500224
1775423463155,500224
1775423463158,500224
1775423463160,500224
1775423463162,500224
1775423463165,500224
1775423463167,500224
1775423463169,500224
1775423463171,500224
1775423463172,500224
1775423463174,500224
1775423463175,500224
1775423463177,500224
1775423463179,500224
1775423463181,500224
1775423463183,500224
1775423463184,500224
1775423463186,500224
1775423463188,500224
1775423463190,500224
1775423463191,500224
1775423463193,500224
1775423463194,500224
1775423463196,500224
1775423463197,500224
1775423463298,500224
1775423463300,500224
1775423463305,500224
1775423463308,500224
1775423463309,500224
1775423463310,500224
1775423463317,500224
1775423463319,500224
1775423463321,500224
1775423463324,500224
1775423463326,500224
1775423463328,500224
1775423463332,500224
1775423463335,500224
1775423463337,500224
1775423463339,500224
1775423463342,500224
1775423463345,500224
1775423463348,500224
1775423463349,500224
1775423463350,500224
1775423463352,500224
1775423463354,500224
1775423463356,500224
1775423463359,500224
1775423463361,500224
1775423463364,500224
1775423463367,500224
1775423463368,500224
1775423463371,500224
1775423463374,500224
1775423463380,500224
1775423463384,500224
1775423463387,500224
1775423463390,500224
1775423463392,500224
1775423463395,500224
1775423463398,500224
1775423463401,500224
1775423463404,500224
1775423463407,500224
1775423463411,500224
1775423463413,500224
1775423463416,500224
1775423463419,500224
1775423463422,500224
1775423463425,500224
1775423463427,500224
1775423463430,500224
1775423463433,500224
1775423463436,500224
1775423463440,500224
1775423463444,500224
1775423463446,500224
1775423463448,500224
1775423463451,500224
1775423463453,500224
1775423463455,500224
1775423463457,500224
1775423463459,500224
1775423463461,500224
1775423463463,500224
1775423463464,500224
1775423463466,500224
1775423463470,500224
1775423463472,500224
1775423463474,500224
1775423463476,500224
1775423463488,500224
1775423463492,500224
1775423463495,500224
1775423463497,500224
1775423463499,500224
1775423463501,500224
1775423463504,500224
1775423463507,500224
1775423463509,500224
1775423463510,500224
1775423463512,500224
1775423463514,500224
1775423463517,500224
1775423463523,500224
1775423463526,500224
1775423463527,500224
1775423463528,500224
1775423463530,500224
1775423463531,500224
1775423463533,500224
1775423463534,500224
1775423463535,500224
1775423463537,500224
1775423463540,500224
1775423463541,500224
1775423463542,500224
1775423463544,500224
1775423463545,500224
1775423463894,500224
1775423463898,500224
1775423463904,500224
1775423463909,500224
1775423463912,500224
1775423463916,500224
1775423463918,500224
1775423463921,500224
1775423463924,500224
1775423463926,500224
1775423463929,500224
1775423463932,500224
1775423463933,500224
1775423463935,500224
1775423463938,500224
1775423463940,500224
1775423463943,500224
1775423463944,500224
1775423463946,500224
1775423463948,500224
1775423463952,500224
1775423463955,500224
1775423463963,500224
1775423463966,500224
1775423463968,500224
1775423463970,500224
1775423463972,500224
1775423463974,500224
1775423463977,500224
1775423463979,500224
1775423463981,500224
1775423463985,500224
1775423463989,500224
1775423463992,500224
1775423463995,500224
1775423463999,500224
1775423464005,500224
1775423464008,500224
1775423464012,500224
1775423464015,500224
1775423464018,500224
1775423464020,500224
1775423464022,500224
1775423464025,500224
1775423464028,500224
1775423464030,500224
1775423464032,500224
1775423464035,500224
1775423464038,500224
1775423464041,500224
1775423464043,500224
1775423464045,500224
1775423464047,500224
1775423464050,500224
1775423464056,500224
1775423464058,500224
1775423464060,500224
1775423464061,500224
1775423464065,500224
1775423464068,500224
1775423464070,500224
1775423464072,500224
1775423464073,500224
1775423464078,500224
1775423464081,500224
1775423464082,500224
1775423464083,500224
1775423464087,500224
1775423464089,500224
1775423464092,500224
1775423464095,500224
1775423464098,500224
1775423464103,500224
1775423464105,500224
1775423464107,500224
1775423464108,500224
1775423464109,500224
1775423464111,500224
1775423464114,500224
1775423464121,500224
1775423464124,500224
1775423464130,500224
1775423464133,500224
1775423464136,500224
1775423464139,500224
1775423464142,500224
1775423464146,500224
1775423464149,500224
1775423464155,500224
1775423464158,500224
1775423464160,500224
1775423464164,500224
1775423464166,500224
1775423464168,500224
1775423464171,500224
1775423464174,500224
1775423464177,500224
1775423464179,500224
1775423464181,500224
1775423464184,500224
1775423464187,500224
1775423464190,500224
1775423464193,500224
1775423464196,500224
1775423464198,500224
1775423464199,500224
1775423464201,500224
1775423464202,500224
1775423464204,500224
1775423464206,500224
1775423464208,500224
1775423464211,500224
1775423464213,500224
1775423464215,500224
1775423464217,500224
1775423464218,500224
1775423464496,500224
1775423464510,500224
1775423464513,500224
1775423464515,500224
1775423464518,500224
1775423464521,500224
1775423464523,500224
1775423464526,500224
1775423464528,500224
1775423464529,500224
1775423464531,500224
1775423464532,500224
1775423464534,500224
1775423464535,500224
1775423464539,500224
1775423464543,500224
1775423464545,500224
1775423464548,500224
1775423464553,500224
1775423464555,500224
1775423464558,500224
1775423464563,500224
1775423464566,500224
1775423464571,500224
1775423464573,500224
1775423464575,500224
1775423464578,500224
1775423464581,500224
1775423464583,500224
1775423464584,500224
1775423464586,500224
1775423464587,500224
1775423464588,500224
1775423464590,500224
1775423464594,500224
1775423464597,500224
1775423464601,500224
1775423464603,500224
1775423464604,500224
1775423464605,500224
1775423464607,500224
1775423464609,500224
1775423464610,500224
1775423464612,500224
1775423464613,500224
1775423464615,500224
1775423464616,500224
1775423464619,500224
1775423464621,500224
1775423464623,500224
1775423464625,500224
1775423464626,500224
1775423464627,500224
1775423464630,500224
1775423464631,500224
1775423464633,500224
1775423464634,500224
1775423464636,500224
1775423464640,500224
1775423464643,500224
1775423464649,500224
1775423464651,500224
1775423464656,500224
1775423464659,500224
1775423464661,500224
1775423464663,500224
1775423464664,500224
1775423464665,500224
1775423464669,500224
1775423464671,500224
1775423464672,500224
1775423464675,500224
1775423464676,500224
1775423464678,500224
1775423464680,500224
1775423464684,500224
1775423464687,500224
1775423464689,500224
1775423464691,500224
1775423464694,500224
1775423464695,500224
1775423464698,500224
1775423464701,500224
1775423464704,500224
1775423464707,500224
1775423464709,500224
1775423464712,500224
1775423464714,500224
1775423464716,500224
1775423464719,500224
1775423464722,500224
1775423464724,500224
1775423464728,500224
1775423464730,500224
1775423464732,500224
1775423464735,500224
1775423464737,500224
1775423464739,500224
1775423464742,500224
1775423464745,500224
1775423464747,500224
1775423464750,500224
1775423464753,500224
1775423464755,500224
1775423464758,500224
1775423464761,500224
1775423464763,500224
1775423464766,500224
1775423464768,500224
1775423464775,500224
1775423464778,500224
1775423464781,500224
1775423464782,500224
1775423464784,500224
1775423464786,500224
1775423464788,500224
1775423464791,500224
1775423464793,500224
1775423465094,500224
1775423465095,500224
1775423465097,500224
1775423465099,500224
1775423465101,500224
1775423465102,500224
1775423465104,500224
1775423465105,500224
1775423465106,500224
1775423465115,500224
1775423465121,500224
1775423465126,500224
1775423465129,500224
1775423465133,500224
1775423465136,500224
1775423465138,500224
1775423465141,500224
1775423465144,500224
1775423465148,500224
1775423465150,500224
1775423465153,500224
1775423465155,500224
1775423465157,500224
1775423465162,500224
1775423465164,500224
1775423465166,500224
1775423465169,500224
1775423465171,500224
1775423465178,500224
1775423465180,500224
1775423465185,500224
1775423465188,500224
1775423465191,500224
1775423465193,500224
1775423465196,500224
1775423465199,500224
1775423465202,500224
1775423465204,500224
1775423465206,500224
1775423465208,500224
1775423465209,500224
1775423465211,500224
1775423465212,500224
1775423465215,500224
1775423465218,500224
1775423465220,500224
1775423465221,500224
1775423465222,500224
1775423465225,500224
1775423465226,500224
1775423465227,500224
1775423465229,500224
1775423465237,500224
1775423465246,500224
1775423465249,500224
1775423465251,500224
1775423465254,500224
1775423465256,500224
1775423465258,500224
1775423465262,500224
1775423465264,500224
1775423465266,500224
1775423465268,500224
1775423465272,500224
1775423465274,500224
1775423465275,500224
1775423465277,500224
1775423465279,500224
1775423465282,500224
1775423465284,500224
1775423465287,500224
1775423465288,500224
1775423465290,500224
1775423465291,500224
1775423465294,500224
1775423465297,500224
1775423465299,500224
1775423465301,500224
1775423465303,500224
1775423465304,500224
1775423465306,500224
1775423465308,500224
1775423465310,500224
1775423465312,500224
1775423465314,500224
1775423465316,500224
1775423465318,500224
1775423465319,500224
1775423465320,500224
1775423465321,500224
1775423465324,500224
1775423465326,500224
1775423465328,500224
1775423465329,500224
1775423465331,500224
1775423465332,500224
1775423465335,500224
1775423465336,500224
1775423465338,500224
1775423465340,500224
1775423465341,500224
1775423465343,500224
1775423465345,500224
1775423465346,500224
1775423465348,500224
1775423465350,500224
1775423465351,500224
1775423465353,500224
1775423465354,500224
1775423465356,500224
1775423465357,500224
1775423465359,500224
1775423465362,500224
1775423465365,500224
1775423465367,500224
1775423465371,500224
1775423465695,500224
1775423465700,500224
1775423465703,500224
1775423465708,500224
1775423465711,500224
1775423465716,500224
1775423465719,500224
1775423465724,500224
1775423465729,500224
1775423465732,500224
1775423465734,500224
1775423465737,500224
1775423465740,500224
1775423465742,500224
1775423465744,500224
1775423465746,500224
1775423465748,500224
1775423465749,500224
1775423465752,500224
1775423465754,500224
1775423465755,500224
1775423465758,500224
1775423465763,500224
1775423465774,500224
1775423465777,500224
1775423465783,500224
1775423465786,500224
1775423465789,500224
1775423465791,500224
1775423465793,500224
1775423465795,500224
1775423465797,500224
1775423465799,500224
1775423465802,500224
1775423465804,500224
1775423465806,500224
1775423465810,500224
1775423465813,500224
1775423465818,500224
1775423465821,500224
1775423465823,500224
1775423465825,500224
1775423465828,500224
1775423465830,500224
1775423465832,500224
1775423465834,500224
1775423465837,500224
1775423465838,500224
1775423465843,500224
1775423465845,500224
1775423465848,500224
1775423465851,500224
1775423465854,500224
1775423465857,500224
1775423465859,500224
1775423465860,500224
1775423465863,500224
1775423465865,500224
1775423465866,500224
1775423465868,500224
1775423465869,500224
1775423465873,500224
1775423465876,500224
1775423465879,500224
1775423465881,500224
1775423465884,500224
1775423465889,500224
1775423465890,500224
1775423465892,500224
1775423465895,500224
1775423465897,500224
1775423465899,500224
1775423465900,500224
1775423465901,500224
1775423465903,500224
1775423465906,500224
1775423465907,500224
1775423465908,500224
1775423465910,500224
1775423465911,500224
1775423465912,500224
1775423465914,500224
1775423465915,500224
1775423465916,500224
1775423465918,500224
1775423465919,500224
1775423465920,500224
1775423465921,500224
1775423465923,500224
1775423465924,500224
1775423465925,500224
1775423465926,500224
1775423465929,500224
1775423465932,500224
1775423465934,500224
1775423465937,500224
1775423465939,500224
1775423465941,500224
1775423465943,500224
1775423465945,500224
1775423465947,500224
1775423466296,500224
1775423466300,500224
1775423466303,500224
1775423466311,500224
1775423466313,500224
1775423466315,500224
1775423466317,500224
1775423466319,500224
1775423466322,500224
1775423466324,500224
1775423466326,500224
1775423466327,500224
1775423466329,500224
1775423466330,500224
1775423466332,500224
1775423466334,500224
1775423466335,500224
1775423466337,500224
1775423466342,500224
1775423466344,500224
1775423466345,500224
1775423466351,500224
1775423466354,500224
1775423466360,500224
1775423466372,500224
1775423466375,500224
1775423466382,500224
1775423466385,500224
1775423466393,500224
1775423466402,500224
1775423466408,500224
1775423466410,500224
1775423466412,500224
1775423466413,500224
1775423466419,500224
1775423466422,500224
1775423466425,500224
1775423466428,500224
1775423466430,500224
1775423466433,500224
1775423466436,500224
1775423466439,500224
1775423466442,500224
1775423466445,500224
1775423466448,500224
1775423466450,500224
1775423466457,500224
1775423466460,500224
1775423466462,500224
1775423466464,500224
1775423466465,500224
1775423466467,500224
1775423466469,500224
1775423466470,500224
1775423466472,500224
1775423466474,500224
1775423466475,500224
1775423466478,500224
1775423466480,500224
1775423466483,500224
1775423466484,500224
1775423466486,500224
1775423466489,500224
1775423466492,500224
1775423466496,500224
1775423466498,500224
1775423466502,500224
1775423466505,500224
1775423466507,500224
1775423466510,500224
1775423466512,500224
1775423466513,500224
1775423466516,500224
1775423466519,500224
1775423466521,500224
1775423466525,500224
1775423466526,500224
1775423466528,500224
1775423466530,500224
1775423466532,500224
1775423466534,500224
1775423466536,500224
1775423466538,500224
1775423466541,500224
1775423466545,500224
1775423466556,500224
1775423466559,500224
1775423466561,500224
1775423466564,500224
1775423466566,500224
1775423466567,500224
1775423466570,500224
1775423466573,500224
1775423466575,500224
1775423466578,500224
1775423466580,500224
1775423466582,500224
1775423466585,500224
1775423466587,500224
1775423466588,500224
1775423466590,500224
1775423466592,500224
1775423466594,500224
1775423466597,500224
1775423466599,500224
1775423466601,500224
1775423466603,500224
1775423466605,500224
1775423466607,500224
1775423466609,500224
1775423466612,500224
1775423466615,500224
1775423466897,500224
1775423466900,500224
1775423466904,500224
1775423466908,500224
1775423466911,500224
1775423466913,500224
1775423466916,500224
1775423466919,500224
1775423466921,500224
1775423466924,500224
1775423466926,500224
1775423466928,500224
1775423466930,500224
1775423466932,500224
1775423466937,500224
1775423466942,500224
1775423466944,500224
1775423466947,500224
1775423466950,500224
1775423466953,500224
1775423466960,500224
1775423466967,500224
1775423466979,500224
1775423466980,500224
1775423466982,500224
1775423466983,500224
1775423466984,500224
1775423466986,500224
1775423466988,500224
1775423466994,500224
1775423466996,500224
1775423466997,500224
1775423467000,500224
1775423467002,500224
1775423467004,500224
1775423467006,500224
1775423467007,500224
1775423467009,500224
1775423467011,500224
1775423467012,500224
1775423467014,500224
1775423467016,500224
1775423467017,500224
1775423467018,500224
1775423467020,500224
1775423467025,500224
1775423467027,500224
1775423467031,500224
1775423467034,500224
1775423467036,500224
1775423467040,500224
1775423467042,500224
1775423467044,500224
1775423467047,500224
1775423467051,500224
1775423467053,500224
1775423467055,500224
1775423467058,500224
1775423467061,500224
1775423467064,500224
1775423467067,500224
1775423467070,500224
1775423467075,500224
1775423467083,500224
1775423467086,500224
1775423467089,500224
1775423467091,500224
1775423467093,500224
1775423467094,500224
1775423467096,500224
1775423467097,500224
1775423467099,500224
1775423467100,500224
1775423467101,500224
1775423467103,500224
1775423467104,500224
1775423467106,500224
1775423467108,500224
1775423467110,500224
1775423467112,500224
1775423467113,500224
1775423467115,500224
1775423467119,500224
1775423467122,500224
1775423467124,500224
1775423467126,500224
1775423467127,500224
1775423467129,500224
1775423467130,500224
1775423467131,500224
1775423467133,500224
1775423467134,500224
1775423467137,500224
1775423467140,500224
1775423467146,500224
1775423467147,500224
1775423467149,500224
1775423467150,500224
1775423467151,500224
1775423467153,500224
1775423467156,500224
1775423467159,500224
1775423467165,500224
1775423467166,500224
1775423467174,500224
1775423467175,500224
1775423467177,500224
1775423467496,500224
1775423467500,500224
1775423467505,500224
1775423467508,500224
1775423467511,500224
1775423467514,500224
1775423467517,500224
1775423467520,500224
1775423467523,500224
1775423467526,500224
1775423467528,500224
1775423467531,500224
1775423467534,500224
1775423467536,500224
1775423467538,500224
1775423467539,500224
1775423467541,500224
1775423467543,500224
1775423467549,500224
1775423467553,500224
1775423467556,500224
1775423467561,500224
1775423467563,500224
1775423467568,500224
1775423467573,500224
1775423467574,500224
1775423467581,500224
1775423467585,500224
1775423467592,500224
1775423467597,500224
1775423467604,500224
1775423467606,500224
1775423467609,500224
1775423467612,500224
1775423467614,500224
1775423467618,500224
1775423467628,500224
1775423467632,500224
1775423467634,500224
1775423467636,500224
1775423467637,500224
1775423467639,500224
1775423467640,500224
1775423467641,500224
1775423467644,500224
1775423467648,500224
1775423467650,500224
1775423467652,500224
1775423467653,500224
1775423467656,500224
1775423467660,500224
1775423467662,500224
1775423467665,500224
1775423467667,500224
1775423467670,500224
1775423467673,500224
1775423467675,500224
1775423467678,500224
1775423467679,500224
1775423467681,500224
1775423467683,500224
1775423467685,500224
1775423467688,500224
1775423467689,500224
1775423467691,500224
1775423467693,500224
1775423467696,500224
1775423467699,500224
1775423467701,500224
1775423467704,500224
1775423467706,500224
1775423467708,500224
1775423467711,500224
1775423467713,500224
1775423467718,500224
1775423467720,500224
1775423467721,500224
1775423467724,500224
1775423467727,500224
1775423467730,500224
1775423467733,500224
1775423467735,500224
1775423467736,500224
1775423467738,500224
1775423467739,500224
1775423467741,500224
1775423467742,500224
1775423467744,500224
1775423467747,500224
1775423467749,500224
1775423467752,500224
1775423467755,500224
1775423467758,500224
1775423467773,500224
1775423467777,500224
1775423467779,500224
1775423467780,500224
1775423467784,500224
1775423467787,500224
1775423467790,500224
1775423467792,500224
1775423468099,500224
1775423468103,500224
1775423468105,500224
1775423468108,500224
1775423468111,500224
1775423468114,500224
1775423468117,500224
1775423468120,500224
1775423468129,500224
1775423468132,500224
1775423468135,500224
1775423468139,500224
1775423468144,500224
1775423468148,500224
1775423468153,500224
1775423468161,500224
1775423468165,500224
1775423468168,500224
1775423468173,500224
1775423468182,500224
1775423468184,500224
1775423468188,500224
1775423468196,500224
1775423468201,500224
1775423468203,500224
1775423468205,500224
1775423468209,500224
1775423468214,500224
1775423468221,500224
1775423468223,500224
1775423468226,500224
1775423468228,500224
1775423468232,500224
1775423468235,500224
1775423468237,500224
1775423468240,500224
1775423468242,500224
1775423468245,500224
1775423468247,500224
1775423468249,500224
1775423468252,500224
1775423468254,500224
1775423468258,500224
1775423468262,500224
1775423468264,500224
1775423468266,500224
1775423468269,500224
1775423468272,500224
1775423468273,500224
1775423468276,500224
1775423468278,500224
1775423468281,500224
1775423468285,500224
1775423468287,500224
1775423468288,500224
1775423468289,500224
1775423468296,500224
1775423468298,500224
1775423468299,500224
1775423468301,500224
1775423468304,500224
1775423468308,500224
1775423468313,500224
1775423468315,500224
1775423468317,500224
1775423468323,500224
1775423468326,500224
1775423468328,500224
1775423468331,500224
1775423468333,500224
1775423468342,500224
1775423468344,500224
1775423468345,500224
1775423468348,500224
1775423468349,500224
1775423468358,500224
1775423468361,500224
1775423468362,500224
1775423468368,500224
1775423468370,500224
1775423468371,500224
1775423468373,500224
1775423468375,500224
1775423468378,500224
1775423468379,500224
1775423468381,500224
1775423468382,500224
1775423468384,500224
1775423468387,500224
1775423468389,500224
1775423468390,500224
1775423468392,500224
1775423468395,500224
1775423468398,500224
1775423468400,500224
1775423468402,500224
1775423468405,500224
1775423468407,500224
1775423468410,500224
1775423468412,500224
1775423468414,500224
1775423468415,500224
1775423468417,500224
1775423468424,500224
1775423468427,500224
1775423468430,500224
1775423468432,500224
1775423468434,500224
1775423468435,500224
1775423468702,500224
1775423468705,500224
1775423468707,500224
1775423468710,500224
1775423468712,500224
1775423468717,500224
1775423468719,500224
1775423468720,500224
1775423468722,500224
1775423468723,500224
1775423468727,500224
1775423468729,500224
1775423468732,500224
1775423468733,500224
1775423468735,500224
1775423468737,500224
1775423468743,500224
1775423468745,500224
1775423468746,500224
1775423468753,500224
1775423468755,500224
1775423468759,500224
1775423468762,500224
1775423468763,500224
1775423468766,500224
1775423468769,500224
1775423468776,500224
1775423468780,500224
1775423468783,500224
1775423468787,500224
1775423468790,500224
1775423468793,500224
1775423468796,500224
1775423468798,500224
1775423468801,500224
1775423468804,500224
1775423468807,500224
1775423468809,500224
1775423468812,500224
1775423468815,500224
1775423468817,500224
1775423468819,500224
1775423468821,500224
1775423468823,500224
1775423468824,500224
1775423468826,500224
1775423468828,500224
1775423468830,500224
1775423468834,500224
1775423468837,500224
1775423468839,500224
1775423468841,500224
1775423468844,500224
1775423468846,500224
1775423468848,500224
1775423468850,500224
1775423468853,500224
1775423468856,500224
1775423468858,500224
1775423468862,500224
1775423468864,500224
1775423468867,500224
1775423468870,500224
1775423468876,500224
1775423468879,500224
1775423468881,500224
1775423468883,500224
1775423468885,500224
1775423468889,500224
1775423468891,500224
1775423468892,500224
1775423468894,500224
1775423468895,500224
1775423468897,500224
1775423468899,500224
1775423468900,500224
1775423468902,500224
1775423468903,500224
1775423468908,500224
1775423468915,500224
1775423468920,500224
1775423468922,500224
1775423468924,500224
1775423468934,500224
1775423468937,500224
1775423468943,500224
1775423468944,500224
1775423468948,500224
1775423468950,500224
1775423468952,500224
1775423468954,500224
1775423468957,500224
1775423468960,500224
1775423468962,500224
1775423468963,500224
1775423468965,500224
1775423468967,500224
1775423468968,500224
1775423468970,500224
1775423468972,500224
1775423468973,500224
1775423468975,500224
1775423468977,500224
1775423468978,500224
1775423468979,500224
1775423469300,500224
1775423469304,500224
1775423469308,500224
1775423469311,500224
1775423469314,500224
1775423469317,500224
1775423469321,500224
1775423469324,500224
1775423469327,500224
1775423469330,500224
1775423469332,500224
1775423469334,500224
1775423469337,500224
1775423469339,500224
1775423469341,500224
1775423469343,500224
1775423469345,500224
1775423469347,500224
1775423469349,500224
1775423469353,500224
1775423469356,500224
1775423469361,500224
1775423469365,500224
1775423469366,500224
1775423469368,500224
1775423469369,500224
1775423469370,500224
1775423469372,500224
1775423469374,500224
1775423469375,500224
1775423469377,500224
1775423469378,500224
1775423469384,500224
1775423469386,500224
1775423469391,500224
1775423469395,500224
1775423469403,500224
1775423469406,500224
1775423469408,500224
1775423469410,500224
1775423469412,500224
1775423469414,500224
1775423469416,500224
1775423469419,500224
1775423469422,500224
1775423469425,500224
1775423469427,500224
1775423469429,500224
1775423469431,500224
1775423469434,500224
1775423469437,500224
1775423469439,500224
1775423469441,500224
1775423469443,500224
1775423469444,500224
1775423469450,500224
1775423469454,500224
1775423469455,500224
1775423469459,500224
1775423469460,500224
1775423469462,500224
1775423469465,500224
1775423469468,500224
1775423469471,500224
1775423469479,500224
1775423469491,500224
1775423469494,500224
1775423469497,500224
1775423469499,500224
1775423469502,500224
1775423469505,500224
1775423469507,500224
1775423469510,500224
1775423469511,500224
1775423469513,500224
1775423469514,500224
1775423469516,500224
1775423469519,500224
1775423469522,500224
1775423469524,500224
1775423469527,500224
1775423469530,500224
1775423469533,500224
1775423469536,500224
1775423469539,500224
1775423469541,500224
1775423469543,500224
1775423469545,500224
1775423469548,500224
1775423469550,500224
1775423469554,500224
1775423469556,500224
1775423469558,500224
1775423469561,500224
1775423469562,500224
1775423469564,500224
1775423469565,500224
1775423469567,500224
1775423469569,500224
1775423469570,500224
1775423469572,500224
1775423469573,500224
1775423469575,500224
1775423469577,500224
1775423469578,500224
1775423469580,500224
1775423469581,500224
1775423469582,500224
1775423469586,500224
1775423469905,500224
1775423469908,500224
1775423469909,500224
1775423469915,500224
1775423469918,500224
1775423469921,500224
1775423469930,500224
1775423469934,500224
1775423469936,500224
1775423469939,500224
1775423469942,500224
1775423469944,500224
1775423469947,500224
1775423469949,500224
1775423469951,500224
1775423469953,500224
1775423469956,500224
1775423469959,500224
1775423469966,500224
1775423469972,500224
1775423469975,500224
1775423469979,500224
1775423469983,500224
1775423469985,500224
1775423469988,500224
1775423469990,500224
1775423469993,500224
1775423469995,500224
1775423469998,500224
1775423470009,500224
1775423470013,500224
1775423470015,500224
1775423470017,500224
1775423470018,500224
1775423470021,500224
1775423470022,500224
1775423470024,500224
1775423470025,500224
1775423470026,500224
1775423470028,500224
1775423470029,500224
1775423470031,500224
1775423470032,500224
1775423470033,500224
1775423470035,500224
1775423470036,500224
1775423470038,500224
1775423470042,500224
1775423470044,500224
1775423470045,500224
1775423470047,500224
1775423470048,500224
1775423470051,500224
1775423470054,500224
1775423470064,500224
1775423470066,500224
1775423470069,500224
1775423470072,500224
1775423470074,500224
1775423470077,500224
1775423470080,500224
1775423470082,500224
1775423470084,500224
1775423470085,500224
1775423470089,500224
1775423470091,500224
1775423470093,500224
1775423470095,500224
1775423470097,500224
1775423470098,500224
1775423470100,500224
1775423470101,500224
1775423470102,500224
1775423470103,500224
1775423470105,500224
1775423470108,500224
1775423470110,500224
1775423470113,500224
1775423470115,500224
1775423470118,500224
1775423470119,500224
1775423470121,500224
1775423470122,500224
1775423470124,500224
1775423470126,500224
1775423470127,500224
1775423470129,500224
1775423470130,500224
1775423470132,500224
1775423470134,500224
1775423470138,500224
1775423470141,500224
1775423470149,500224
1775423470150,500224
1775423470152,500224
1775423470153,500224
1775423470155,500224
1775423470157,500224
1775423470159,500224
1775423470161,500224
1775423470162,500224
1775423470163,500224
1775423470165,500224
1775423470166,500224
1775423470167,500224
1775423470168,500224
1775423470170,500224
1775423470502,500224
1775423470506,500224
1775423470508,500224
1775423470512,500224
1775423470517,500224
1775423470520,500224
1775423470522,500224
1775423470523,500224
1775423470525,500224
1775423470527,500224
1775423470528,500224
1775423470530,500224
1775423470532,500224
1775423470534,500224
1775423470536,500224
1775423470538,500224
1775423470540,500224
1775423470541,500224
1775423470548,500224
1775423470553,500224
1775423470561,500224
1775423470566,500224
1775423470569,500224
1775423470572,500224
1775423470575,500224
1775423470578,500224
1775423470580,500224
1775423470583,500224
1775423470586,500224
1775423470588,500224
1775423470593,500224
1775423470596,500224
1775423470599,500224
1775423470601,500224
1775423470603,500224
1775423470605,500224
1775423470616,500224
1775423470618,500224
1775423470620,500224
1775423470622,500224
1775423470624,500224
1775423470626,500224
1775423470630,500224
1775423470632,500224
1775423470640,500224
1775423470643,500224
1775423470645,500224
1775423470649,500224
1775423470651,500224
1775423470653,500224
1775423470654,500224
1775423470656,500224
1775423470658,500224
1775423470659,500224
1775423470661,500224
1775423470662,500224
1775423470664,500224
1775423470665,500224
1775423470667,500224
1775423470668,500224
1775423470670,500224
1775423470671,500224
1775423470673,500224
1775423470674,500224
1775423470675,500224
1775423470677,500224
1775423470678,500224
1775423470679,500224
1775423470681,500224
1775423470682,500224
1775423470683,500224
1775423470685,500224
1775423470686,500224
1775423470690,500224
1775423470692,500224
1775423470695,500224
1775423470698,500224
1775423470700,500224
1775423470703,500224
1775423470706,500224
1775423470709,500224
1775423470711,500224
1775423470714,500224
1775423470716,500224
1775423470718,500224
1775423470721,500224
1775423470722,500224
1775423470726,500224
1775423470728,500224
1775423470730,500224
1775423470733,500224
1775423470735,500224
1775423470738,500224
1775423470739,500224
1775423470741,500224
1775423470742,500224
1775423470744,500224
1775423470745,500224
1775423470747,500224
1775423470748,500224
1775423471107,500224
1775423471109,500224
1775423471117,500224
1775423471123,500224
1775423471129,500224
1775423471130,500224
1775423471132,500224
1775423471133,500224
1775423471141,500224
1775423471145,500224
1775423471150,500224
1775423471153,500224
1775423471156,500224
1775423471159,500224
1775423471162,500224
1775423471164,500224
1775423471167,500224
1775423471170,500224
1775423471172,500224
1775423471175,500224
1775423471178,500224
1775423471180,500224
1775423471182,500224
1775423471185,500224
1775423471187,500224
1775423471189,500224
1775423471191,500224
1775423471193,500224
1775423471195,500224
1775423471197,500224
1775423471207,500224
1775423471208,500224
1775423471209,500224
1775423471211,500224
1775423471212,500224
1775423471213,500224
1775423471215,500224
1775423471216,500224
1775423471217,500224
1775423471219,500224
1775423471220,500224
1775423471221,500224
1775423471222,500224
1775423471224,500224
1775423471225,500224
1775423471226,500224
1775423471228,500224
1775423471229,500224
1775423471230,500224
1775423471231,500224
1775423471233,500224
1775423471234,500224
1775423471238,500224
1775423471240,500224
1775423471242,500224
1775423471244,500224
1775423471246,500224
1775423471250,500224
1775423471252,500224
1775423471255,500224
1775423471256,500224
1775423471258,500224
1775423471260,500224
1775423471263,500224
1775423471266,500224
1775423471273,500224
1775423471275,500224
1775423471278,500224
1775423471280,500224
1775423471282,500224
1775423471284,500224
1775423471287,500224
1775423471289,500224
1775423471291,500224
1775423471293,500224
1775423471295,500224
1775423471297,500224
1775423471304,500224
1775423471306,500224
1775423471314,500224
1775423471318,500224
1775423471321,500224
1775423471323,500224
1775423471326,500224
1775423471328,500224
1775423471329,500224
1775423471338,500224
1775423471340,500224
1775423471342,500224
1775423471346,500224
1775423471348,500224
1775423471350,500224
1775423471352,500224
1775423471355,500224
1775423471357,500224
1775423471359,500224
1775423471362,500224
1775423471364,500224
1775423471367,500224
1775423471369,500224
1775423471370,500224
1775423471372,500224
1775423471374,500224
1775423471376,500224
1775423471378,500224
1775423471386,500224
1775423471396,500224
1775423471399,500224
1775423471402,500224
1775423471405,500224
1775423471408,500224
1775423471410,500224
1775423471413,500224
1775423471416,500224
1775423471419,500224
1775423471702,500224
1775423471705,500224
1775423471708,500224
1775423471710,500224
1775423471713,500224
1775423471716,500224
1775423471718,500224
1775423471721,500224
1775423471723,500224
1775423471725,500224
1775423471727,500224
1775423471731,500224
1775423471733,500224
1775423471734,500224
1775423471736,500224
1775423471739,500224
1775423471741,500224
1775423471743,500224
1775423471751,500224
1775423471753,500224
1775423471754,500224
1775423471757,500224
1775423471760,500224
1775423471763,500224
1775423471765,500224
1775423471768,500224
1775423471770,500224
1775423471773,500224
1775423471774,500224
1775423471776,500224
1775423471777,500224
1775423471778,500224
1775423471784,500224
1775423471787,500224
1775423471789,500224
1775423471794,500224
1775423471797,500224
1775423471800,500224
1775423471803,500224
1775423471804,500224
1775423471805,500224
1775423471807,500224
1775423471808,500224
1775423471809,500224
1775423471810,500224
1775423471812,500224
1775423471813,500224
1775423471817,500224
1775423471818,500224
1775423471820,500224
1775423471823,500224
1775423471827,500224
1775423471828,500224
1775423471830,500224
1775423471833,500224
1775423471835,500224
1775423471837,500224
1775423471839,500224
1775423471844,500224
1775423471846,500224
1775423471847,500224
1775423471849,500224
1775423471850,500224
1775423471854,500224
1775423471860,500224
1775423471862,500224
1775423471865,500224
1775423471867,500224
1775423471869,500224
1775423471872,500224
1775423471875,500224
1775423471877,500224
1775423471881,500224
1775423471885,500224
1775423471887,500224
1775423471890,500224
1775423471892,500224
1775423471894,500224
1775423471895,500224
1775423471897,500224
1775423471898,500224
1775423471900,500224
1775423471901,500224
1775423471902,500224
1775423471904,500224
1775423471908,500224
1775423471913,500224
1775423471916,500224
1775423471918,500224
1775423471920,500224
1775423471922,500224
1775423471923,500224
1775423471924,500224
1775423471925,500224
1775423471927,500224
1775423471931,500224
1775423471934,500224
1775423471939,500224
1775423471941,500224
1775423471944,500224
1775423471945,500224
1775423471947,500224
1775423471948,500224
1775423471949,500224
1775423471951,500224
1775423471953,500224
1775423471955,500224
1775423471956,500224
1775423471958,500224
1775423471964,500224
1775423471967,500224
1775423471970,500224
1775423471973,500224
1775423471975,500224
1775423471978,500224
1775423471981,500224
1775423471983,500224
1775423471985,500224
1775423471987,500224
1775423471991,500224
1775423472306,500224
1775423472309,500224
1775423472312,500224
1775423472319,500224
1775423472322,500224
1775423472331,500224
1775423472337,500224
1775423472340,500224
1775423472343,500224
1775423472348,500224
1775423472351,500224
1775423472355,500224
1775423472366,500224
1775423472371,500224
1775423472373,500224
1775423472376,500224
1775423472378,500224
1775423472380,500224
1775423472382,500224
1775423472385,500224
1775423472391,500224
1775423472393,500224
1775423472395,500224
1775423472396,500224
1775423472401,500224
1775423472403,500224
1775423472405,500224
1775423472407,500224
1775423472409,500224
1775423472413,500224
1775423472416,500224
1775423472418,500224
1775423472421,500224
1775423472424,500224
1775423472427,500224
1775423472433,500224
1775423472436,500224
1775423472438,500224
1775423472440,500224
1775423472443,500224
1775423472445,500224
1775423472449,500224
1775423472452,500224
1775423472454,500224
1775423472455,500224
1775423472461,500224
1775423472462,500224
1775423472464,500224
1775423472465,500224
1775423472467,500224
1775423472468,500224
1775423472469,500224
1775423472473,500224
1775423472483,500224
1775423472485,500224
1775423472488,500224
1775423472492,500224
1775423472494,500224
1775423472496,500224
1775423472499,500224
1775423472501,500224
1775423472503,500224
1775423472505,500224
1775423472508,500224
1775423472510,500224
1775423472511,500224
1775423472513,500224
1775423472514,500224
1775423472521,500224
1775423472524,500224
1775423472528,500224
1775423472530,500224
1775423472532,500224
1775423472534,500224
1775423472535,500224
1775423472537,500224
1775423472539,500224
1775423472542,500224
1775423472543,500224
1775423472546,500224
1775423472552,500224
1775423472554,500224
1775423472557,500224
1775423472558,500224
1775423472560,500224
1775423472562,500224
1775423472567,500224
1775423472568,500224
1775423472571,500224
1775423472576,500224
1775423472580,500224
1775423472581,500224
1775423472583,500224
1775423472586,500224
1775423472589,500224
1775423472592,500224
1775423472595,500224
1775423472597,500224
1775423472598,500224
1775423472599,500224
1775423472601,500224
1775423472602,500224
1775423472604,500224
1775423472606,500224
1775423472608,500224
1775423472611,500224
1775423472613,500224
1775423472614,500224
1775423472615,500224
1775423472617,500224
1775423472618,500224
1775423472619,500224
1775423472621,500224
1775423472904,500224
1775423472906,500224
1775423472908,500224
1775423472911,500224
1775423472913,500224
1775423472915,500224
1775423472917,500224
1775423472919,500224
1775423472920,500224
1775423472922,500224
1775423472926,500224
1775423472927,500224
1775423472929,500224
1775423472935,500224
1775423472937,500224
1775423472938,500224
1775423472943,500224
1775423472953,500224
1775423472956,500224
1775423472959,500224
1775423472962,500224
1775423472964,500224
1775423472966,500224
1775423472967,500224
1775423472971,500224
1775423472975,500224
1775423472978,500224
1775423472981,500224
1775423472983,500224
1775423472986,500224
1775423472990,500224
1775423472992,500224
1775423472996,500224
1775423473001,500224
1775423473009,500224
1775423473013,500224
1775423473015,500224
1775423473021,500224
1775423473024,500224
1775423473027,500224
1775423473030,500224
1775423473034,500224
1775423473043,500224
1775423473049,500224
1775423473053,500224
1775423473061,500224
1775423473064,500224
1775423473067,500224
1775423473069,500224
1775423473071,500224
1775423473073,500224
1775423473076,500224
1775423473079,500224
1775423473082,500224
1775423473084,500224
1775423473086,500224
1775423473089,500224
1775423473091,500224
1775423473095,500224
1775423473097,500224
1775423473100,500224
1775423473103,500224
1775423473106,500224
1775423473107,500224
1775423473109,500224
1775423473111,500224
1775423473112,500224
1775423473115,500224
1775423473118,500224
1775423473121,500224
1775423473124,500224
1775423473126,500224
1775423473129,500224
1775423473131,500224
1775423473134,500224
1775423473136,500224
1775423473138,500224
1775423473140,500224
1775423473143,500224
1775423473145,500224
1775423473147,500224
1775423473149,500224
1775423473151,500224
1775423473153,500224
1775423473155,500224
1775423473158,500224
1775423473160,500224
1775423473165,500224
1775423473169,500224
1775423473172,500224
1775423473175,500224
1775423473178,500224
1775423473180,500224
1775423473183,500224
1775423473186,500224
1775423473188,500224
1775423473191,500224
1775423473195,500224
1775423473197,500224
1775423473199,500224
1775423473202,500224
1775423473204,500224
1775423473207,500224
1775423473210,500224
1775423473224,500224
1775423473230,500224
1775423473233,500224
1775423473236,500224
1775423473238,500224
1775423473511,500224
1775423473514,500224
1775423473517,500224
1775423473521,500224
1775423473525,500224
1775423473528,500224
1775423473535,500224
1775423473543,500224
1775423473546,500224
1775423473548,500224
1775423473550,500224
1775423473552,500224
1775423473553,500224
1775423473555,500224
1775423473558,500224
1775423473562,500224
1775423473565,500224
1775423473566,500224
1775423473567,500224
1775423473572,500224
1775423473575,500224
1775423473578,500224
1775423473580,500224
1775423473582,500224
1775423473584,500224
1775423473587,500224
1775423473593,500224
1775423473596,500224
1775423473598,500224
1775423473601,500224
1775423473607,500224
1775423473609,500224
1775423473612,500224
1775423473613,500224
1775423473616,500224
1775423473622,500224
1775423473624,500224
1775423473628,500224
1775423473630,500224
1775423473635,500224
1775423473639,500224
1775423473641,500224
1775423473643,500224
1775423473645,500224
1775423473648,500224
1775423473650,500224
1775423473653,500224
1775423473655,500224
1775423473657,500224
1775423473659,500224
1775423473661,500224
1775423473663,500224
1775423473666,500224
1775423473668,500224
1775423473670,500224
1775423473673,500224
1775423473675,500224
1775423473682,500224
1775423473683,500224
1775423473686,500224
1775423473690,500224
1775423473694,500224
1775423473697,500224
1775423473699,500224
1775423473705,500224
1775423473707,500224
1775423473718,500224
1775423473724,500224
1775423473725,500224
1775423473727,500224
1775423473728,500224
1775423473730,500224
1775423473732,500224
1775423473738,500224
1775423473740,500224
1775423473742,500224
1775423473745,500224
1775423473748,500224
1775423473751,500224
1775423473753,500224
1775423473756,500224
1775423473758,500224
1775423473760,500224
1775423473761,500224
1775423473763,500224
1775423473764,500224
1775423473766,500224
1775423473767,500224
1775423473769,500224
1775423473771,500224
1775423473773,500224
1775423473774,500224
1775423473776,500224
1775423473777,500224
1775423473779,500224
1775423473783,500224
1775423473786,500224
1775423473788,500224
1775423473790,500224
1775423473792,500224
1775423473793,500224
1775423473794,500224
1775423473796,500224
1775423473798,500224
1775423473799,500224
1775423473800,500224
1775423473802,500224
1775423473803,500224
1775423473808,500224
1775423473813,500224
1775423473815,500224
1775423473816,500224
1775423473817,500224
1775423473819,500224
1775423473820,500224
1775423473821,500224
1775423473830,500224
1775423474108,500224
1775423474112,500224
1775423474115,500224
1775423474123,500224
1775423474126,500224
1775423474130,500224
1775423474134,500224
1775423474136,500224
1775423474138,500224
1775423474141,500224
1775423474143,500224
1775423474146,500224
1775423474148,500224
1775423474151,500224
1775423474155,500224
1775423474159,500224
1775423474165,500224
1775423474167,500224
1775423474172,500224
1775423474174,500224
1775423474176,500224
1775423474179,500224
1775423474181,500224
1775423474184,500224
1775423474187,500224
1775423474189,500224
1775423474191,500224
1775423474193,500224
1775423474197,500224
1775423474200,500224
1775423474207,500224
1775423474209,500224
1775423474211,500224
1775423474212,500224
1775423474214,500224
1775423474215,500224
1775423474216,500224
1775423474218,500224
1775423474222,500224
1775423474225,500224
1775423474228,500224
1775423474230,500224
1775423474233,500224
1775423474235,500224
1775423474238,500224
1775423474241,500224
1775423474243,500224
1775423474246,500224
1775423474247,500224
1775423474248,500224
1775423474251,500224
1775423474253,500224
1775423474255,500224
1775423474257,500224
1775423474258,500224
1775423474260,500224
1775423474262,500224
1775423474265,500224
1775423474267,500224
1775423474269,500224
1775423474271,500224
1775423474274,500224
1775423474278,500224
1775423474280,500224
1775423474281,500224
1775423474283,500224
1775423474285,500224
1775423474287,500224
1775423474289,500224
1775423474294,500224
1775423474296,500224
1775423474301,500224
1775423474304,500224
1775423474306,500224
1775423474308,500224
1775423474310,500224
1775423474312,500224
1775423474314,500224
1775423474316,500224
1775423474318,500224
1775423474320,500224
1775423474321,500224
1775423474325,500224
1775423474327,500224
1775423474328,500224
1775423474330,500224
1775423474332,500224
1775423474335,500224
1775423474337,500224
1775423474343,500224
1775423474345,500224
1775423474346,500224
1775423474350,500224
1775423474353,500224
1775423474355,500224
1775423474357,500224
1775423474359,500224
1775423474360,500224
1775423474361,500224
1775423474365,500224
1775423474368,500224
1775423474370,500224
1775423474373,500224
1775423474375,500224
1775423474377,500224
1775423474379,500224
1775423474381,500224
1775423474382,500224
1775423474384,500224
1775423474385,500224
1775423474387,500224
1775423474388,500224
1775423474390,500224
1775423474707,500224
1775423474714,500224
1775423474716,500224
1775423474718,500224
1775423474720,500224
1775423474722,500224
1775423474724,500224
1775423474725,500224
1775423474727,500224
1775423474729,500224
1775423474731,500224
1775423474733,500224
1775423474734,500224
1775423474736,500224
1775423474737,500224
1775423474746,500224
1775423474747,500224
1775423474748,500224
1775423474749,500224
1775423474751,500224
1775423474752,500224
1775423474755,500224
1775423474758,500224
1775423474760,500224
1775423474762,500224
1775423474763,500224
1775423474767,500224
1775423474770,500224
1775423474774,500224
1775423474777,500224
1775423474780,500224
1775423474781,500224
1775423474783,500224
1775423474784,500224
1775423474785,500224
1775423474786,500224
1775423474788,500224
1775423474789,500224
1775423474790,500224
1775423474791,500224
1775423474795,500224
1775423474798,500224
1775423474800,500224
1775423474803,500224
1775423474804,500224
1775423474805,500224
1775423474807,500224
1775423474808,500224
1775423474809,500224
1775423474810,500224
1775423474812,500224
1775423474813,500224
1775423474814,500224
1775423474815,500224
1775423474819,500224
1775423474821,500224
1775423474823,500224
1775423474826,500224
1775423474828,500224
1775423474830,500224
1775423474832,500224
1775423474834,500224
1775423474836,500224
1775423474838,500224
1775423474839,500224
1775423474841,500224
1775423474843,500224
1775423474845,500224
1775423474846,500224
1775423474848,500224
1775423474851,500224
1775423474852,500224
1775423474854,500224
1775423474860,500224
1775423474862,500224
1775423474865,500224
1775423474868,500224
1775423474870,500224
1775423474873,500224
1775423474876,500224
1775423474877,500224
1775423474879,500224
1775423474881,500224
1775423474883,500224
1775423474885,500224
1775423474891,500224
1775423474900,500224
1775423474903,500224
1775423474905,500224
1775423474907,500224
1775423474909,500224
1775423474911,500224
1775423474913,500224
1775423474914,500224
1775423474916,500224
1775423474917,500224
1775423475306,500224
1775423475308,500224
1775423475310,500224
1775423475312,500224
1775423475316,500224
1775423475318,500224
1775423475321,500224
1775423475322,500224
1775423475325,500224
1775423475328,500224
1775423475329,500224
1775423475330,500224
1775423475331,500224
1775423475333,500224
1775423475335,500224
1775423475337,500224
1775423475338,500224
1775423475342,500224
1775423475345,500224
1775423475348,500224
1775423475351,500224
1775423475353,500224
1775423475356,500224
1775423475359,500224
1775423475361,500224
1775423475364,500224
1775423475370,500224
1775423475371,500224
1775423475381,500224
1775423475384,500224
1775423475389,500224
1775423475392,500224
1775423475395,500224
1775423475397,500224
1775423475399,500224
1775423475400,500224
1775423475403,500224
1775423475405,500224
1775423475407,500224
1775423475409,500224
1775423475413,500224
1775423475415,500224
1775423475417,500224
1775423475420,500224
1775423475422,500224
1775423475423,500224
1775423475425,500224
1775423475427,500224
1775423475429,500224
1775423475430,500224
1775423475432,500224
1775423475436,500224
1775423475439,500224
1775423475441,500224
1775423475443,500224
1775423475445,500224
1775423475447,500224
1775423475450,500224
1775423475452,500224
1775423475453,500224
1775423475455,500224
1775423475457,500224
1775423475459,500224
1775423475461,500224
1775423475466,500224
1775423475469,500224
1775423475470,500224
1775423475472,500224
1775423475473,500224
1775423475474,500224
1775423475475,500224
1775423475477,500224
1775423475479,500224
1775423475481,500224
1775423475482,500224
1775423475483,500224
1775423475484,500224
1775423475485,500224
1775423475487,500224
1775423475488,500224
1775423475489,500224
1775423475491,500224
1775423475492,500224
1775423475494,500224
1775423475495,500224
1775423475496,500224
1775423475497,500224
1775423475498,500224
1775423475502,500224
1775423475504,500224
1775423475505,500224
1775423475508,500224
1775423475511,500224
1775423475514,500224
1775423475517,500224
1775423475520,500224
1775423475523,500224
1775423475525,500224
1775423475528,500224
1775423475531,500224
1775423475534,500224
1775423475537,500224
1775423475540,500224
1775423475542,500224
1775423475551,500224
1775423475553,500224
1775423475556,500224
1775423475561,500224
1775423475563,500224
1775423475565,500224
1775423475568,500224
1775423475569,500224
1775423475571,500224
1775423475574,500224
1775423475576,500224
1775423475578,500224
1775423475580,500224
1775423475581,500224
1775423475583,500224
1775423475585,500224
1775423475908,500224
1775423475912,500224
1775423475915,500224
1775423475919,500224
1775423475921,500224
1775423475925,500224
1775423475929,500224
1775423475932,500224
1775423475936,500224
1775423475940,500224
1775423475949,500224
1775423475952,500224
1775423475955,500224
1775423475960,500224
1775423475962,500224
1775423475965,500224
1775423475968,500224
1775423475970,500224
1775423475973,500224
1775423475976,500224
1775423475978,500224
1775423475980,500224
1775423475983,500224
1775423475986,500224
1775423475995,500224
1775423475997,500224
1775423476000,500224
1775423476002,500224
1775423476004,500224
1775423476012,500224
1775423476015,500224
1775423476017,500224
1775423476021,500224
1775423476023,500224
1775423476026,500224
1775423476028,500224
1775423476030,500224
1775423476032,500224
1775423476036,500224
1775423476038,500224
1775423476040,500224
1775423476042,500224
1775423476044,500224
1775423476046,500224
1775423476048,500224
1775423476049,500224
1775423476052,500224
1775423476058,500224
1775423476071,500224
1775423476072,500224
1775423476074,500224
1775423476075,500224
1775423476077,500224
1775423476084,500224
1775423476091,500224
1775423476094,500224
1775423476096,500224
1775423476098,500224
1775423476100,500224
1775423476105,500224
1775423476108,500224
1775423476111,500224
1775423476115,500224
1775423476118,500224
1775423476120,500224
1775423476123,500224
1775423476126,500224
1775423476128,500224
1775423476131,500224
1775423476133,500224
1775423476135,500224
1775423476138,500224
1775423476139,500224
1775423476142,500224
1775423476145,500224
1775423476147,500224
1775423476149,500224
1775423476153,500224
1775423476156,500224
1775423476159,500224
1775423476162,500224
1775423476166,500224
1775423476169,500224
1775423476171,500224
1775423476173,500224
1775423476175,500224
1775423476179,500224
1775423476181,500224
1775423476184,500224
1775423476189,500224
1775423476190,500224
1775423476191,500224
1775423476196,500224
1775423476199,500224
1775423476201,500224
1775423476203,500224
1775423476205,500224
1775423476207,500224
1775423476209,500224
1775423476210,500224
1775423476212,500224
1775423476213,500224
1775423476216,500224
1775423476219,500224
1775423476221,500224
1775423476222,500224
1775423476224,500224
1775423476226,500224
1775423476228,500224
1775423476230,500224
1775423476231,500224
1775423476233,500224
1775423476235,500224
1775423476509,500224
1775423476512,500224
1775423476515,500224
1775423476518,500224
1775423476521,500224
1775423476524,500224
1775423476528,500224
1775423476530,500224
1775423476532,500224
1775423476533,500224
1775423476535,500224
1775423476537,500224
1775423476538,500224
1775423476540,500224
1775423476542,500224
1775423476546,500224
1775423476550,500224
1775423476552,500224
1775423476554,500224
1775423476556,500224
1775423476557,500224
1775423476559,500224
1775423476561,500224
1775423476566,500224
1775423476571,500224
1775423476573,500224
1775423476574,500224
1775423476575,500224
1775423476580,500224
1775423476586,500224
1775423476588,500224
1775423476591,500224
1775423476598,500224
1775423476605,500224
1775423476608,500224
1775423476611,500224
1775423476617,500224
1775423476624,500224
1775423476627,500224
1775423476631,500224
1775423476634,500224
1775423476639,500224
1775423476640,500224
1775423476642,500224
1775423476643,500224
1775423476645,500224
1775423476646,500224
1775423476648,500224
1775423476650,500224
1775423476652,500224
1775423476654,500224
1775423476655,500224
1775423476656,500224
1775423476658,500224
1775423476660,500224
1775423476661,500224
1775423476662,500224
1775423476664,500224
1775423476666,500224
1775423476668,500224
1775423476670,500224
1775423476673,500224
1775423476676,500224
1775423476679,500224
1775423476680,500224
1775423476682,500224
1775423476683,500224
1775423476684,500224
1775423476686,500224
1775423476688,500224
1775423476690,500224
1775423476694,500224
1775423476697,500224
1775423476699,500224
1775423476701,500224
1775423476703,500224
1775423476705,500224
1775423476712,500224
1775423476716,500224
1775423476718,500224
1775423476720,500224
1775423476724,500224
1775423476727,500224
1775423476728,500224
1775423476730,500224
1775423476731,500224
1775423476733,500224
1775423476734,500224
1775423476736,500224
1775423476737,500224
1775423476738,500224
1775423476740,500224
1775423476741,500224
1775423476743,500224
1775423476744,500224
1775423476746,500224
1775423476749,500224
1775423476755,500224
1775423476756,500224
1775423476760,500224
1775423476763,500224
1775423476765,500224
1775423476766,500224
1775423476767,500224
1775423476769,500224
1775423476770,500224
1775423476772,500224
1775423476773,500224
1775423476774,500224
1775423476776,500224
1775423476778,500224
1775423476779,500224
1775423476789,500224
1775423476793,500224
1775423476794,500224
1775423476797,500224
1775423476799,500224
1775423476801,500224
1775423476803,500224
1775423477110,500224
1775423477112,500224
1775423477113,500224
1775423477116,500224
1775423477119,500224
1775423477122,500224
1775423477125,500224
1775423477128,500224
1775423477131,500224
1775423477134,500224
1775423477137,500224
1775423477139,500224
1775423477143,500224
1775423477146,500224
1775423477147,500224
1775423477152,500224
1775423477154,500224
1775423477157,500224
1775423477161,500224
1775423477164,500224
1775423477166,500224
1775423477169,500224
1775423477172,500224
1775423477174,500224
1775423477177,500224
1775423477180,500224
1775423477183,500224
1775423477188,500224
1775423477191,500224
1775423477193,500224
1775423477196,500224
1775423477199,500224
1775423477201,500224
1775423477204,500224
1775423477207,500224
1775423477209,500224
1775423477213,500224
1775423477216,500224
1775423477218,500224
1775423477220,500224
1775423477222,500224
1775423477225,500224
1775423477228,500224
1775423477230,500224
1775423477232,500224
1775423477234,500224
1775423477235,500224
1775423477242,500224
1775423477245,500224
1775423477248,500224
1775423477250,500224
1775423477253,500224
1775423477256,500224
1775423477259,500224
1775423477262,500224
1775423477264,500224
1775423477266,500224
1775423477268,500224
1775423477270,500224
1775423477273,500224
1775423477279,500224
1775423477282,500224
1775423477285,500224
1775423477287,500224
1775423477290,500224
1775423477293,500224
1775423477295,500224
1775423477302,500224
1775423477305,500224
1775423477307,500224
1775423477308,500224
1775423477311,500224
1775423477312,500224
1775423477314,500224
1775423477315,500224
1775423477316,500224
1775423477318,500224
1775423477319,500224
1775423477320,500224
1775423477321,500224
1775423477324,500224
1775423477328,500224
1775423477331,500224
1775423477333,500224
1775423477335,500224
1775423477336,500224
1775423477337,500224
1775423477339,500224
1775423477340,500224
1775423477341,500224
1775423477343,500224
1775423477344,500224
1775423477346,500224
1775423477348,500224
1775423477350,500224
1775423477351,500224
1775423477352,500224
1775423477710,500224
1775423477712,500224
1775423477714,500224
1775423477717,500224
1775423477721,500224
1775423477723,500224
1775423477726,500224
1775423477729,500224
1775423477732,500224
1775423477734,500224
1775423477737,500224
1775423477739,500224
1775423477741,500224
1775423477744,500224
1775423477746,500224
1775423477748,500224
1775423477750,500224
1775423477752,500224
1775423477754,500224
1775423477756,500224
1775423477758,500224
1775423477760,500224
1775423477765,500224
1775423477769,500224
1775423477771,500224
1775423477774,500224
1775423477776,500224
1775423477779,500224
1775423477781,500224
1775423477783,500224
1775423477786,500224
1775423477788,500224
1775423477794,500224
1775423477799,500224
1775423477803,500224
1775423477806,500224
1775423477809,500224
1775423477811,500224
1775423477815,500224
1775423477817,500224
1775423477825,500224
1775423477832,500224
1775423477835,500224
1775423477838,500224
1775423477841,500224
1775423477844,500224
1775423477846,500224
1775423477849,500224
1775423477852,500224
1775423477855,500224
1775423477856,500224
1775423477863,500224
1775423477864,500224
1775423477866,500224
1775423477867,500224
1775423477870,500224
1775423477872,500224
1775423477878,500224
1775423477880,500224
1775423477882,500224
1775423477883,500224
1775423477887,500224
1775423477889,500224
1775423477892,500224
1775423477895,500224
1775423477897,500224
1775423477900,500224
1775423477903,500224
1775423477906,500224
1775423477907,500224
1775423477908,500224
1775423477911,500224
1775423477914,500224
1775423477916,500224
1775423477919,500224
1775423477922,500224
1775423477924,500224
1775423477926,500224
1775423477928,500224
1775423477930,500224
1775423477931,500224
1775423477932,500224
1775423477934,500224
1775423477937,500224
1775423477939,500224
1775423477941,500224
1775423477944,500224
1775423477948,500224
1775423477951,500224
1775423477953,500224
1775423477957,500224
1775423477960,500224
1775423477962,500224
1775423477965,500224
1775423477968,500224
1775423477970,500224
1775423477973,500224
1775423477982,500224
1775423477985,500224
1775423477987,500224
1775423477990,500224
1775423477992,500224
1775423477995,500224
1775423477997,500224
1775423477999,500224
1775423478001,500224
1775423478002,500224
1775423478006,500224
1775423478008,500224
1775423478010,500224
1775423478011,500224
1775423478013,500224
1775423478014,500224
1775423478311,500224
1775423478315,500224
1775423478318,500224
1775423478322,500224
1775423478326,500224
1775423478329,500224
1775423478342,500224
1775423478344,500224
1775423478346,500224
1775423478347,500224
1775423478351,500224
1775423478355,500224
1775423478360,500224
1775423478363,500224
1775423478365,500224
1775423478367,500224
1775423478369,500224
1775423478371,500224
1775423478372,500224
1775423478373,500224
1775423478375,500224
1775423478377,500224
1775423478378,500224
1775423478380,500224
1775423478381,500224
1775423478383,500224
1775423478384,500224
1775423478387,500224
1775423478390,500224
1775423478392,500224
1775423478394,500224
1775423478398,500224
1775423478405,500224
1775423478407,500224
1775423478409,500224
1775423478410,500224
1775423478411,500224
1775423478413,500224
1775423478414,500224
1775423478417,500224
1775423478420,500224
1775423478425,500224
1775423478427,500224
1775423478428,500224
1775423478429,500224
1775423478431,500224
1775423478432,500224
1775423478433,500224
1775423478439,500224
1775423478451,500224
1775423478454,500224
1775423478458,500224
1775423478459,500224
1775423478460,500224
1775423478462,500224
1775423478464,500224
1775423478467,500224
1775423478470,500224
1775423478473,500224
1775423478474,500224
1775423478476,500224
1775423478477,500224
1775423478479,500224
1775423478480,500224
1775423478481,500224
1775423478483,500224
1775423478486,500224
1775423478487,500224
1775423478489,500224
1775423478490,500224
1775423478491,500224
1775423478493,500224
1775423478499,500224
1775423478501,500224
1775423478503,500224
1775423478505,500224
1775423478506,500224
1775423478508,500224
1775423478509,500224
1775423478512,500224
1775423478514,500224
1775423478515,500224
1775423478517,500224
1775423478519,500224
1775423478521,500224
1775423478522,500224
1775423478525,500224
1775423478527,500224
1775423478528,500224
1775423478532,500224
1775423478536,500224
1775423478541,500224
1775423478544,500224
1775423478547,500224
1775423478549,500224
1775423478552,500224
1775423478555,500224
1775423478557,500224
1775423478561,500224
1775423478564,500224
1775423478567,500224
1775423478569,500224
1775423478571,500224
1775423478575,500224
1775423478585,500224
1775423478587,500224
1775423478589,500224
1775423478591,500224
1775423478593,500224
1775423478595,500224
1775423478596,500224
1775423478597,500224
1775423478599,500224
1775423478601,500224
1775423478603,500224
1775423478605,500224
1775423478606,500224
1775423478608,500224
1775423478609,500224
1775423478914,500224
1775423478920,500224
1775423478923,500224
1775423478926,500224
1775423478928,500224
1775423478931,500224
1775423478933,500224
1775423478935,500224
1775423478938,500224
1775423478940,500224
1775423478942,500224
1775423478947,500224
1775423478955,500224
1775423478960,500224
1775423478967,500224
1775423478970,500224
1775423478972,500224
1775423478974,500224
1775423478979,500224
1775423478983,500224
1775423478984,500224
1775423478986,500224
1775423478987,500224
1775423478989,500224
1775423478990,500224
1775423478992,500224
1775423478994,500224
1775423478995,500224
1775423478996,500224
1775423478998,500224
1775423478999,500224
1775423479001,500224
1775423479003,500224
1775423479004,500224
1775423479006,500224
1775423479007,500224
1775423479010,500224
1775423479012,500224
1775423479014,500224
1775423479015,500224
1775423479017,500224
1775423479019,500224
1775423479021,500224
1775423479022,500224
1775423479023,500224
1775423479026,500224
1775423479027,500224
1775423479029,500224
1775423479031,500224
1775423479033,500224
1775423479034,500224
1775423479038,500224
1775423479039,500224
1775423479041,500224
1775423479042,500224
1775423479043,500224
1775423479045,500224
1775423479048,500224
1775423479056,500224
1775423479059,500224
1775423479065,500224
1775423479067,500224
1775423479069,500224
1775423479070,500224
1775423479074,500224
1775423479077,500224
1775423479079,500224
1775423479082,500224
1775423479085,500224
1775423479088,500224
1775423479091,500224
1775423479094,500224
1775423479095,500224
1775423479097,500224
1775423479099,500224
1775423479101,500224
1775423479103,500224
1775423479105,500224
1775423479110,500224
1775423479115,500224
1775423479117,500224
1775423479119,500224
1775423479121,500224
1775423479122,500224
1775423479125,500224
1775423479128,500224
1775423479131,500224
1775423479135,500224
1775423479137,500224
1775423479142,500224
1775423479144,500224
1775423479146,500224
1775423479148,500224
1775423479150,500224
1775423479152,500224
1775423479153,500224
1775423479157,500224
1775423479160,500224
1775423479163,500224
1775423479165,500224
1775423479168,500224
1775423479171,500224
1775423479172,500224
1775423479174,500224
1775423479512,500224
1775423479515,500224
1775423479518,500224
1775423479521,500224
1775423479523,500224
1775423479526,500224
1775423479528,500224
1775423479529,500224
1775423479531,500224
1775423479534,500224
1775423479536,500224
1775423479539,500224
1775423479547,500224
1775423479550,500224
1775423479552,500224
1775423479555,500224
1775423479557,500224
1775423479562,500224
1775423479564,500224
1775423479566,500224
1775423479568,500224
1775423479570,500224
1775423479572,500224
1775423479576,500224
1775423479578,500224
1775423479580,500224
1775423479582,500224
1775423479589,500224
1775423479594,500224
1775423479598,500224
1775423479600,500224
1775423479603,500224
1775423479609,500224
1775423479611,500224
1775423479613,500224
1775423479615,500224
1775423479621,500224
1775423479625,500224
1775423479633,500224
1775423479639,500224
1775423479641,500224
1775423479644,500224
1775423479647,500224
1775423479649,500224
1775423479651,500224
1775423479653,500224
1775423479655,500224
1775423479657,500224
1775423479658,500224
1775423479661,500224
1775423479664,500224
1775423479667,500224
1775423479669,500224
1775423479672,500224
1775423479674,500224
1775423479676,500224
1775423479679,500224
1775423479681,500224
1775423479683,500224
1775423479686,500224
1775423479688,500224
1775423479691,500224
1775423479693,500224
1775423479695,500224
1775423479697,500224
1775423479699,500224
1775423479701,500224
1775423479703,500224
1775423479707,500224
1775423479708,500224
1775423479711,500224
1775423479712,500224
1775423479714,500224
1775423479715,500224
1775423479717,500224
1775423479718,500224
1775423479720,500224
1775423479722,500224
1775423479724,500224
1775423479726,500224
1775423479729,500224
1775423479731,500224
1775423479733,500224
1775423479738,500224
1775423479741,500224
1775423479743,500224
1775423479744,500224
1775423479747,500224
1775423479749,500224
1775423479751,500224
1775423479753,500224
1775423479757,500224
1775423479759,500224
1775423479762,500224
1775423479764,500224
1775423479767,500224
1775423479770,500224
1775423479771,500224
1775423479774,500224
1775423479777,500224
1775423479779,500224
1775423479781,500224
1775423479784,500224
1775423479785,500224
1775423479789,500224
1775423479790,500224
1775423479792,500224
1775423479793,500224
1775423479794,500224
1775423479796,500224
1775423479797,500224
1775423479798,500224
1775423479801,500224
1775423479804,500224
1775423479806,500224
1775423479808,500224
1775423479809,500224
1775423479811,500224
1775423479819,500224
1775423479822,500224
1775423479825,500224
1775423479828,500224
1775423479832,500224
1775423480119,500224
1775423480123,500224
1775423480126,500224
1775423480128,500224
1775423480130,500224
1775423480132,500224
1775423480133,500224
1775423480135,500224
1775423480136,500224
1775423480138,500224
1775423480141,500224
1775423480143,500224
1775423480145,500224
1775423480146,500224
1775423480147,500224
1775423480149,500224
1775423480150,500224
1775423480152,500224
1775423480153,500224
1775423480155,500224
1775423480156,500224
1775423480158,500224
1775423480159,500224
1775423480161,500224
1775423480162,500224
1775423480171,500224
1775423480174,500224
1775423480176,500224
1775423480178,500224
1775423480182,500224
1775423480184,500224
1775423480186,500224
1775423480188,500224
1775423480193,500224
1775423480196,500224
1775423480204,500224
1775423480208,500224
1775423480211,500224
1775423480213,500224
1775423480216,500224
1775423480218,500224
1775423480221,500224
1775423480226,500224
1775423480229,500224
1775423480232,500224
1775423480236,500224
1775423480239,500224
1775423480242,500224
1775423480244,500224
1775423480246,500224
1775423480248,500224
1775423480250,500224
1775423480253,500224
1775423480254,500224
1775423480256,500224
1775423480258,500224
1775423480260,500224
1775423480261,500224
1775423480264,500224
1775423480265,500224
1775423480267,500224
1775423480268,500224
1775423480270,500224
1775423480273,500224
1775423480275,500224
1775423480278,500224
1775423480281,500224
1775423480283,500224
1775423480286,500224
1775423480288,500224
1775423480289,500224
1775423480294,500224
1775423480297,500224
1775423480299,500224
1775423480300,500224
1775423480302,500224
1775423480305,500224
1775423480307,500224
1775423480310,500224
1775423480313,500224
1775423480317,500224
1775423480319,500224
1775423480320,500224
1775423480323,500224
1775423480326,500224
1775423480327,500224
1775423480329,500224
1775423480331,500224
1775423480332,500224
1775423480336,500224
1775423480339,500224
1775423480341,500224
1775423480344,500224
1775423480349,500224
1775423480353,500224
1775423480355,500224
1775423480357,500224
1775423480358,500224
1775423480360,500224
1775423480361,500224
1775423480363,500224
1775423480364,500224
1775423480366,500224
1775423480714,500224
1775423480718,500224
1775423480723,500224
1775423480726,500224
1775423480729,500224
1775423480731,500224
1775423480734,500224
1775423480735,500224
1775423480739,500224
1775423480742,500224
1775423480755,500224
1775423480758,500224
1775423480765,500224
1775423480768,500224
1775423480769,500224
1775423480771,500224
1775423480772,500224
1775423480775,500224
1775423480779,500224
1775423480781,500224
1775423480783,500224
1775423480785,500224
1775423480786,500224
1775423480789,500224
1775423480793,500224
1775423480801,500224
1775423480804,500224
1775423480806,500224
1775423480809,500224
1775423480811,500224
1775423480812,500224
1775423480814,500224
1775423480815,500224
1775423480817,500224
1775423480818,500224
1775423480820,500224
1775423480821,500224
1775423480822,500224
1775423480823,500224
1775423480824,500224
1775423480826,500224
1775423480827,500224
1775423480828,500224
1775423480829,500224
1775423480831,500224
1775423480832,500224
1775423480833,500224
1775423480837,500224
1775423480840,500224
1775423480842,500224
1775423480845,500224
1775423480848,500224
1775423480850,500224
1775423480851,500224
1775423480852,500224
1775423480854,500224
1775423480855,500224
1775423480857,500224
1775423480859,500224
1775423480863,500224
1775423480864,500224
1775423480865,500224
1775423480868,500224
1775423480870,500224
1775423480873,500224
1775423480876,500224
1775423480879,500224
1775423480881,500224
1775423480884,500224
1775423480888,500224
1775423480891,500224
1775423480893,500224
1775423480895,500224
1775423480896,500224
1775423480897,500224
1775423480901,500224
1775423480902,500224
1775423480905,500224
1775423480908,500224
1775423480910,500224
1775423480912,500224
1775423480913,500224
1775423480915,500224
1775423480916,500224
1775423480917,500224
1775423480921,500224
1775423480923,500224
1775423480924,500224
1775423480925,500224
1775423480926,500224
1775423480928,500224
1775423480930,500224
1775423480933,500224
1775423480935,500224
1775423480937,500224
1775423480942,500224
1775423480944,500224
1775423480947,500224
1775423480948,500224
1775423480955,500224
1775423480958,500224
1775423480960,500224
1775423480966,500224
1775423480968,500224
1775423480970,500224
1775423480972,500224
1775423480974,500224
1775423480975,500224
1775423480977,500224
1775423480978,500224
1775423480980,500224
1775423480981,500224
1775423480982,500224
1775423480984,500224
1775423480985,500224
1775423480986,500224
1775423480988,500224
1775423480989,500224
1775423480990,500224
1775423481314,500224
1775423481317,500224
1775423481319,500224
1775423481321,500224
1775423481324,500224
1775423481326,500224
1775423481328,500224
1775423481331,500224
1775423481333,500224
1775423481336,500224
1775423481341,500224
1775423481343,500224
1775423481346,500224
1775423481347,500224
1775423481349,500224
1775423481351,500224
1775423481352,500224
1775423481355,500224
1775423481362,500224
1775423481365,500224
1775423481377,500224
1775423481384,500224
1775423481387,500224
1775423481389,500224
1775423481392,500224
1775423481395,500224
1775423481397,500224
1775423481400,500224
1775423481402,500224
1775423481405,500224
1775423481407,500224
1775423481410,500224
1775423481413,500224
1775423481416,500224
1775423481418,500224
1775423481420,500224
1775423481423,500224
1775423481426,500224
1775423481429,500224
1775423481431,500224
1775423481434,500224
1775423481437,500224
1775423481439,500224
1775423481441,500224
1775423481442,500224
1775423481444,500224
1775423481446,500224
1775423481449,500224
1775423481452,500224
1775423481455,500224
1775423481458,500224
1775423481460,500224
1775423481463,500224
1775423481466,500224
1775423481468,500224
1775423481476,500224
1775423481479,500224
1775423481484,500224
1775423481486,500224
1775423481488,500224
1775423481490,500224
1775423481492,500224
1775423481494,500224
1775423481497,500224
1775423481498,500224
1775423481500,500224
1775423481501,500224
1775423481503,500224
1775423481505,500224
1775423481507,500224
1775423481510,500224
1775423481513,500224
1775423481516,500224
1775423481519,500224
1775423481522,500224
1775423481524,500224
1775423481526,500224
1775423481528,500224
1775423481530,500224
1775423481532,500224
1775423481534,500224
1775423481536,500224
1775423481538,500224
1775423481540,500224
1775423481541,500224
1775423481545,500224
1775423481547,500224
1775423481550,500224
1775423481556,500224
1775423481559,500224
1775423481562,500224
1775423481564,500224
1775423481567,500224
1775423481569,500224
1775423481571,500224
1775423481573,500224
1775423481576,500224
1775423481579,500224
1775423481580,500224
1775423481582,500224
1775423481584,500224
1775423481585,500224
1775423481587,500224
1775423481588,500224
1775423481590,500224
1775423481591,500224
1775423481593,500224
1775423481597,500224
1775423481601,500224
1775423481602,500224
1775423481604,500224
1775423481606,500224
1775423481608,500224
1775423481609,500224
1775423481611,500224
1775423481612,500224
1775423481614,500224
1775423481615,500224
1775423481616,500224
1775423481618,500224
1775423481619,500224
1775423481621,500224
1775423481622,500224
1775423481624,500224
1775423481915,500224
1775423481918,500224
1775423481920,500224
1775423481926,500224
1775423481929,500224
1775423481932,500224
1775423481935,500224
1775423481937,500224
1775423481940,500224
1775423481943,500224
1775423481946,500224
1775423481948,500224
1775423481950,500224
1775423481951,500224
1775423481953,500224
1775423481954,500224
1775423481955,500224
1775423481957,500224
1775423481958,500224
1775423481959,500224
1775423481961,500224
1775423481962,500224
1775423481963,500224
1775423481964,500224
1775423481966,500224
1775423481967,500224
1775423481970,500224
1775423481972,500224
1775423481973,500224
1775423481980,500224
1775423481982,500224
1775423481983,500224
1775423481985,500224
1775423481987,500224
1775423481989,500224
1775423481992,500224
1775423481993,500224
1775423481997,500224
1775423482000,500224
1775423482004,500224
1775423482006,500224
1775423482009,500224
1775423482011,500224
1775423482012,500224
1775423482014,500224
1775423482015,500224
1775423482017,500224
1775423482020,500224
1775423482021,500224
1775423482023,500224
1775423482025,500224
1775423482027,500224
1775423482028,500224
1775423482033,500224
1775423482036,500224
1775423482039,500224
1775423482043,500224
1775423482046,500224
1775423482048,500224
1775423482051,500224
1775423482053,500224
1775423482055,500224
1775423482057,500224
1775423482058,500224
1775423482060,500224
1775423482061,500224
1775423482067,500224
1775423482072,500224
1775423482076,500224
1775423482077,500224
1775423482078,500224
1775423482080,500224
1775423482081,500224
1775423482082,500224
1775423482084,500224
1775423482086,500224
1775423482092,500224
1775423482095,500224
1775423482098,500224
1775423482101,500224
1775423482103,500224
1775423482106,500224
1775423482108,500224
1775423482110,500224
1775423482116,500224
1775423482119,500224
1775423482121,500224
1775423482123,500224
1775423482125,500224
1775423482127,500224
1775423482129,500224
1775423482130,500224
1775423482132,500224
1775423482137,500224
1775423482139,500224
1775423482142,500224
1775423482145,500224
1775423482147,500224
1775423482150,500224
1775423482152,500224
1775423482153,500224
1775423482155,500224
1775423482516,500224
1775423482519,500224
1775423482523,500224
1775423482526,500224
1775423482528,500224
1775423482530,500224
1775423482532,500224
1775423482534,500224
1775423482536,500224
1775423482544,500224
1775423482547,500224
1775423482548,500224
1775423482550,500224
1775423482551,500224
1775423482552,500224
1775423482554,500224
1775423482555,500224
1775423482556,500224
1775423482558,500224
1775423482560,500224
1775423482562,500224
1775423482563,500224
1775423482569,500224
1775423482572,500224
1775423482575,500224
1775423482577,500224
1775423482580,500224
1775423482582,500224
1775423482584,500224
1775423482585,500224
1775423482590,500224
1775423482592,500224
1775423482595,500224
1775423482597,500224
1775423482600,500224
1775423482603,500224
1775423482605,500224
1775423482607,500224
1775423482611,500224
1775423482614,500224
1775423482619,500224
1775423482622,500224
1775423482623,500224
1775423482628,500224
1775423482631,500224
1775423482637,500224
1775423482640,500224
1775423482642,500224
1775423482645,500224
1775423482647,500224
1775423482649,500224
1775423482650,500224
1775423482652,500224
1775423482653,500224
1775423482655,500224
1775423482657,500224
1775423482658,500224
1775423482660,500224
1775423482661,500224
1775423482662,500224
1775423482664,500224
1775423482666,500224
1775423482667,500224
1775423482669,500224
1775423482671,500224
1775423482673,500224
1775423482675,500224
1775423482681,500224
1775423482684,500224
1775423482687,500224
1775423482689,500224
1775423482691,500224
1775423482692,500224
1775423482694,500224
1775423482699,500224
1775423482700,500224
1775423482702,500224
1775423482704,500224
1775423482707,500224
1775423482725,500224
1775423482727,500224
1775423482729,500224
1775423482730,500224
1775423482732,500224
1775423482733,500224
1775423482735,500224
1775423482738,500224
1775423482741,500224
1775423482743,500224
1775423482745,500224
1775423482747,500224
1775423482750,500224
1775423482752,500224
1775423482753,500224
1775423482754,500224
1775423482756,500224
1775423482757,500224
1775423482758,500224
1775423482760,500224
1775423482761,500224
1775423482762,500224
1775423483118,500224
1775423483121,500224
1775423483124,500224
1775423483127,500224
1775423483130,500224
1775423483133,500224
1775423483136,500224
1775423483140,500224
1775423483145,500224
1775423483150,500224
1775423483153,500224
1775423483156,500224
1775423483159,500224
1775423483161,500224
1775423483162,500224
1775423483164,500224
1775423483167,500224
1775423483170,500224
1775423483173,500224
1775423483180,500224
1775423483183,500224
1775423483188,500224
1775423483191,500224
1775423483193,500224
1775423483195,500224
1775423483197,500224
1775423483200,500224
1775423483204,500224
1775423483206,500224
1775423483209,500224
1775423483214,500224
1775423483216,500224
1775423483218,500224
1775423483222,500224
1775423483226,500224
1775423483227,500224
1775423483228,500224
1775423483232,500224
1775423483236,500224
1775423483242,500224
1775423483245,500224
1775423483247,500224
1775423483249,500224
1775423483252,500224
1775423483253,500224
1775423483256,500224
1775423483259,500224
1775423483261,500224
1775423483264,500224
1775423483267,500224
1775423483270,500224
1775423483274,500224
1775423483277,500224
1775423483280,500224
1775423483281,500224
1775423483283,500224
1775423483285,500224
1775423483287,500224
1775423483288,500224
1775423483291,500224
1775423483294,500224
1775423483300,500224
1775423483305,500224
1775423483307,500224
1775423483309,500224
1775423483311,500224
1775423483312,500224
1775423483314,500224
1775423483318,500224
1775423483320,500224
1775423483322,500224
1775423483326,500224
1775423483332,500224
1775423483334,500224
1775423483337,500224
1775423483340,500224
1775423483342,500224
1775423483345,500224
1775423483347,500224
1775423483348,500224
1775423483352,500224
1775423483354,500224
1775423483356,500224
1775423483357,500224
1775423483358,500224
1775423483361,500224
1775423483364,500224
1775423483365,500224
1775423483367,500224
1775423483371,500224
1775423483373,500224
1775423483375,500224
1775423483377,500224
1775423483379,500224
1775423483381,500224
1775423483383,500224
1775423483384,500224
1775423483385,500224
1775423483387,500224
1775423483389,500224
1775423483717,500224
1775423483720,500224
1775423483726,500224
1775423483734,500224
1775423483737,500224
1775423483741,500224
1775423483745,500224
1775423483748,500224
1775423483753,500224
1775423483756,500224
1775423483761,500224
1775423483764,500224
1775423483767,500224
1775423483770,500224
1775423483776,500224
1775423483778,500224
1775423483781,500224
1775423483783,500224
1775423483786,500224
1775423483789,500224
1775423483793,500224
1775423483798,500224
1775423483801,500224
1775423483804,500224
1775423483807,500224
1775423483809,500224
1775423483812,500224
1775423483814,500224
1775423483816,500224
1775423483819,500224
1775423483821,500224
1775423483822,500224
1775423483824,500224
1775423483827,500224
1775423483830,500224
1775423483833,500224
1775423483835,500224
1775423483838,500224
1775423483841,500224
1775423483843,500224
1775423483846,500224
1775423483849,500224
1775423483851,500224
1775423483854,500224
1775423483857,500224
1775423483860,500224
1775423483863,500224
1775423483866,500224
1775423483868,500224
1775423483871,500224
1775423483874,500224
1775423483876,500224
1775423483879,500224
1775423483882,500224
1775423483884,500224
1775423483887,500224
1775423483889,500224
1775423483893,500224
1775423483896,500224
1775423483898,500224
1775423483899,500224
1775423483902,500224
1775423483905,500224
1775423483907,500224
1775423483909,500224
1775423483911,500224
1775423483914,500224
1775423483916,500224
1775423483918,500224
1775423483921,500224
1775423483923,500224
1775423483925,500224
1775423483927,500224
1775423483929,500224
1775423483931,500224
1775423483934,500224
1775423483936,500224
1775423483938,500224
1775423483940,500224
1775423483942,500224
1775423483947,500224
1775423483949,500224
1775423483951,500224
1775423483953,500224
1775423483954,500224
1775423483955,500224
1775423483957,500224
1775423483961,500224
1775423483963,500224
1775423483964,500224
1775423483967,500224
1775423483971,500224
1775423483976,500224
1775423483983,500224
1775423483985,500224
1775423483988,500224
1775423483990,500224
1775423483992,500224
1775423483994,500224
1775423483996,500224
1775423483999,500224
1775423484002,500224
1775423484005,500224
1775423484008,500224
1775423484010,500224
1775423484013,500224
1775423484016,500224
1775423484017,500224
1775423484318,500224
1775423484321,500224
1775423484324,500224
1775423484327,500224
1775423484331,500224
1775423484334,500224
1775423484337,500224
1775423484339,500224
1775423484342,500224
1775423484345,500224
1775423484347,500224
1775423484351,500224
1775423484354,500224
1775423484362,500224
1775423484370,500224
1775423484374,500224
1775423484378,500224
1775423484380,500224
1775423484382,500224
1775423484384,500224
1775423484385,500224
1775423484387,500224
1775423484390,500224
1775423484393,500224
1775423484396,500224
1775423484399,500224
1775423484402,500224
1775423484404,500224
1775423484407,500224
1775423484410,500224
1775423484412,500224
1775423484420,500224
1775423484427,500224
1775423484429,500224
1775423484432,500224
1775423484435,500224
1775423484437,500224
1775423484440,500224
1775423484442,500224
1775423484445,500224
1775423484447,500224
1775423484449,500224
1775423484451,500224
1775423484453,500224
1775423484455,500224
1775423484457,500224
1775423484459,500224
1775423484461,500224
1775423484464,500224
1775423484468,500224
1775423484476,500224
1775423484480,500224
1775423484482,500224
1775423484485,500224
1775423484491,500224
1775423484502,500224
1775423484505,500224
1775423484507,500224
1775423484510,500224
1775423484513,500224
1775423484515,500224
1775423484521,500224
1775423484526,500224
1775423484529,500224
1775423484531,500224
1775423484534,500224
1775423484536,500224
1775423484538,500224
1775423484542,500224
1775423484544,500224
1775423484547,500224
1775423484550,500224
1775423484553,500224
1775423484555,500224
1775423484557,500224
1775423484558,500224
1775423484559,500224
1775423484561,500224
1775423484563,500224
1775423484566,500224
1775423484568,500224
1775423484570,500224
1775423484572,500224
1775423484573,500224
1775423484575,500224
1775423484577,500224
1775423484579,500224
1775423484580,500224
1775423484581,500224
1775423484583,500224
1775423484585,500224
1775423484586,500224
1775423484587,500224
1775423484589,500224
1775423484591,500224
1775423484595,500224
1775423484599,500224
1775423484608,500224
1775423484610,500224
1775423484918,500224
1775423484920,500224
1775423484924,500224
1775423484928,500224
1775423484932,500224
1775423484936,500224
1775423484947,500224
1775423484951,500224
1775423484953,500224
1775423484956,500224
1775423484958,500224
1775423484960,500224
1775423484963,500224
1775423484970,500224
1775423484975,500224
1775423484977,500224
1775423484980,500224
1775423484982,500224
1775423484984,500224
1775423484986,500224
1775423484988,500224
1775423484994,500224
1775423484996,500224
1775423485000,500224
1775423485004,500224
1775423485007,500224
1775423485010,500224
1775423485011,500224
1775423485018,500224
1775423485020,500224
1775423485022,500224
1775423485025,500224
1775423485027,500224
1775423485030,500224
1775423485034,500224
1775423485037,500224
1775423485039,500224
1775423485042,500224
1775423485047,500224
1775423485049,500224
1775423485054,500224
1775423485057,500224
1775423485059,500224
1775423485062,500224
1775423485077,500224
1775423485083,500224
1775423485087,500224
1775423485090,500224
1775423485092,500224
1775423485094,500224
1775423485096,500224
1775423485097,500224
1775423485100,500224
1775423485101,500224
1775423485103,500224
1775423485104,500224
1775423485106,500224
1775423485107,500224
1775423485108,500224
1775423485110,500224
1775423485112,500224
1775423485116,500224
1775423485119,500224
1775423485122,500224
1775423485125,500224
1775423485127,500224
1775423485131,500224
1775423485133,500224
1775423485136,500224
1775423485138,500224
1775423485142,500224
1775423485144,500224
1775423485146,500224
1775423485148,500224
1775423485151,500224
1775423485153,500224
1775423485155,500224
1775423485157,500224
1775423485160,500224
1775423485162,500224
1775423485165,500224
1775423485168,500224
1775423485170,500224
1775423485171,500224
1775423485173,500224
1775423485174,500224
1775423485176,500224
1775423485177,500224
1775423485179,500224
1775423485182,500224
1775423485184,500224
1775423485187,500224
1775423485188,500224
1775423485194,500224
1775423485197,500224
1775423485200,500224
1775423485203,500224
1775423485205,500224
1775423485207,500224
1775423485209,500224
1775423485213,500224
1775423485520,500224
1775423485523,500224
1775423485527,500224
1775423485530,500224
1775423485533,500224
1775423485535,500224
1775423485537,500224
1775423485538,500224
1775423485542,500224
1775423485553,500224
1775423485555,500224
1775423485557,500224
1775423485559,500224
1775423485562,500224
1775423485564,500224
1775423485566,500224
1775423485570,500224
1775423485573,500224
1775423485576,500224
1775423485578,500224
1775423485581,500224
1775423485583,500224
1775423485586,500224
1775423485589,500224
1775423485593,500224
1775423485595,500224
1775423485599,500224
1775423485601,500224
1775423485602,500224
1775423485603,500224
1775423485605,500224
1775423485606,500224
1775423485608,500224
1775423485609,500224
1775423485611,500224
1775423485612,500224
1775423485613,500224
1775423485615,500224
1775423485616,500224
1775423485618,500224
1775423485619,500224
1775423485624,500224
1775423485626,500224
1775423485629,500224
1775423485631,500224
1775423485632,500224
1775423485634,500224
1775423485636,500224
1775423485638,500224
1775423485641,500224
1775423485643,500224
1775423485644,500224
1775423485646,500224
1775423485650,500224
1775423485654,500224
1775423485657,500224
1775423485659,500224
1775423485661,500224
1775423485663,500224
1775423485664,500224
1775423485666,500224
1775423485667,500224
1775423485669,500224
1775423485670,500224
1775423485673,500224
1775423485674,500224
1775423485679,500224
1775423485682,500224
1775423485685,500224
1775423485687,500224
1775423485689,500224
1775423485691,500224
1775423485695,500224
1775423485702,500224
1775423485705,500224
1775423485707,500224
1775423485710,500224
1775423485712,500224
1775423485714,500224
1775423485716,500224
1775423485718,500224
1775423485720,500224
1775423485722,500224
1775423485724,500224
1775423485726,500224
1775423485728,500224
1775423485729,500224
1775423485731,500224
1775423485732,500224
1775423485740,500224
1775423485745,500224
1775423485748,500224
1775423485751,500224
1775423485754,500224
1775423486122,500224
1775423486129,500224
1775423486131,500224
1775423486135,500224
1775423486139,500224
1775423486143,500224
1775423486145,500224
1775423486146,500224
1775423486148,500224
1775423486149,500224
1775423486151,500224
1775423486153,500224
1775423486155,500224
1775423486157,500224
1775423486159,500224
1775423486161,500224
1775423486165,500224
1775423486170,500224
1775423486174,500224
1775423486176,500224
1775423486180,500224
1775423486182,500224
1775423486185,500224
1775423486188,500224
1775423486190,500224
1775423486193,500224
1775423486196,500224
1775423486199,500224
1775423486202,500224
1775423486205,500224
1775423486207,500224
1775423486209,500224
1775423486211,500224
1775423486217,500224
1775423486219,500224
1775423486221,500224
1775423486223,500224
1775423486224,500224
1775423486227,500224
1775423486229,500224
1775423486230,500224
1775423486232,500224
1775423486234,500224
1775423486240,500224
1775423486242,500224
1775423486243,500224
1775423486246,500224
1775423486248,500224
1775423486250,500224
1775423486252,500224
1775423486256,500224
1775423486258,500224
1775423486265,500224
1775423486269,500224
1775423486272,500224
1775423486274,500224
1775423486275,500224
1775423486277,500224
1775423486282,500224
1775423486285,500224
1775423486288,500224
1775423486292,500224
1775423486295,500224
1775423486298,500224
1775423486300,500224
1775423486302,500224
1775423486304,500224
1775423486306,500224
1775423486309,500224
1775423486311,500224
1775423486314,500224
1775423486317,500224
1775423486320,500224
1775423486322,500224
1775423486325,500224
1775423486328,500224
1775423486330,500224
1775423486332,500224
1775423486335,500224
1775423486337,500224
1775423486339,500224
1775423486341,500224
1775423486343,500224
1775423486344,500224
1775423486348,500224
1775423486352,500224
1775423486361,500224
1775423486364,500224
1775423486366,500224
1775423486368,500224
1775423486370,500224
1775423486372,500224
1775423486377,500224
1775423486379,500224
1775423486382,500224
1775423486385,500224
1775423486387,500224
1775423486390,500224
1775423486392,500224
1775423486394,500224
1775423486396,500224
1775423486398,500224
1775423486399,500224
1775423486400,500224
1775423486402,500224
1775423486403,500224
1775423486405,500224
1775423486408,500224
1775423486410,500224
1775423486412,500224
1775423486415,500224
1775423486417,500224
1775423486420,500224
1775423486423,500224
1775423486425,500224
1775423486426,500224
1775423486428,500224
1775423486430,500224
1775423486439,500224
1775423486442,500224
1775423486444,500224
1775423486446,500224
1775423486448,500224
1775423486454,500224
1775423486456,500224
1775423486463,500224
1775423486468,500224
1775423486470,500224
1775423486472,500224
1775423486474,500224
1775423486476,500224
1775423486477,500224
1775423486481,500224
1775423486485,500224
1775423486488,500224
1775423486494,500224
1775423486496,500224
1775423486499,500224
1775423486500,500224
1775423486502,500224
1775423486506,500224
1775423486507,500224
1775423486511,500224
1775423486721,500224
1775423486725,500224
1775423486727,500224
1775423486730,500224
1775423486731,500224
1775423486732,500224
1775423486734,500224
1775423486736,500224
1775423486737,500224
1775423486739,500224
1775423486742,500224
1775423486744,500224
1775423486746,500224
1775423486747,500224
1775423486749,500224
1775423486754,500224
1775423486756,500224
1775423486757,500224
1775423486759,500224
1775423486760,500224
1775423486763,500224
1775423486767,500224
1775423486770,500224
1775423486775,500224
1775423486779,500224
1775423486781,500224
1775423486784,500224
1775423486787,500224
1775423486790,500224
1775423486796,500224
1775423486816,500224
1775423486823,500224
1775423486827,500224
1775423486833,500224
1775423486835,500224
1775423486836,500224
1775423486839,500224
1775423486841,500224
1775423486842,500224
1775423486844,500224
1775423486845,500224
1775423486847,500224
1775423486850,500224
1775423486852,500224
1775423486855,500224
1775423486856,500224
1775423486857,500224
1775423486863,500224
1775423486865,500224
1775423486866,500224
1775423486868,500224
1775423486870,500224
1775423486872,500224
1775423486874,500224
1775423486876,500224
1775423486877,500224
1775423486878,500224
1775423486881,500224
1775423486882,500224
1775423486884,500224
1775423486885,500224
1775423486886,500224
1775423486888,500224
1775423486889,500224
1775423486891,500224
1775423486892,500224
1775423486895,500224
1775423486896,500224
1775423486898,500224
1775423486900,500224
1775423486902,500224
1775423486908,500224
1775423486909,500224
1775423486911,500224
1775423486913,500224
1775423486915,500224
1775423486916,500224
1775423486918,500224
1775423486919,500224
1775423486921,500224
1775423486923,500224
1775423486926,500224
1775423486928,500224
1775423486931,500224
1775423486934,500224
1775423486936,500224
1775423486938,500224
1775423486947,500224
1775423486953,500224
1775423486956,500224
1775423486957,500224
1775423486959,500224
1775423486960,500224
1775423486961,500224
1775423486962,500224
1775423486964,500224
1775423486965,500224
1775423486966,500224
1775423486968,500224
1775423486969,500224
1775423486970,500224
1775423486972,500224
1775423486973,500224
1775423486975,500224
1775423486978,500224
1775423486980,500224
1775423486982,500224
1775423486984,500224
1775423486985,500224
1775423486987,500224
1775423486989,500224
1775423486994,500224
1775423486997,500224
1775423487001,500224
1775423487004,500224
1775423487006,500224
1775423487008,500224
1775423487011,500224
1775423487013,500224
1775423487016,500224
1775423487022,500224
1775423487026,500224
1775423487030,500224
1775423487035,500224
1775423487038,500224
1775423487040,500224
1775423487041,500224
1775423487323,500224
1775423487326,500224
1775423487328,500224
1775423487330,500224
1775423487332,500224
1775423487333,500224
1775423487336,500224
1775423487338,500224
1775423487342,500224
1775423487345,500224
1775423487348,500224
1775423487351,500224
1775423487357,500224
1775423487359,500224
1775423487363,500224
1775423487365,500224
1775423487368,500224
1775423487369,500224
1775423487370,500224
1775423487372,500224
1775423487375,500224
1775423487377,500224
1775423487379,500224
1775423487380,500224
1775423487383,500224
1775423487385,500224
1775423487387,500224
1775423487388,500224
1775423487391,500224
1775423487393,500224
1775423487394,500224
1775423487396,500224
1775423487398,500224
1775423487399,500224
1775423487401,500224
1775423487404,500224
1775423487406,500224
1775423487408,500224
1775423487411,500224
1775423487413,500224
1775423487415,500224
1775423487416,500224
1775423487418,500224
1775423487419,500224
1775423487421,500224
1775423487423,500224
1775423487425,500224
1775423487429,500224
1775423487431,500224
1775423487432,500224
1775423487434,500224
1775423487436,500224
1775423487437,500224
1775423487439,500224
1775423487441,500224
1775423487443,500224
1775423487447,500224
1775423487451,500224
1775423487453,500224
1775423487456,500224
1775423487457,500224
1775423487459,500224
1775423487461,500224
1775423487463,500224
1775423487464,500224
1775423487466,500224
1775423487468,500224
1775423487470,500224
1775423487473,500224
1775423487475,500224
1775423487476,500224
1775423487480,500224
1775423487482,500224
1775423487485,500224
1775423487489,500224
1775423487492,500224
1775423487495,500224
1775423487497,500224
1775423487498,500224
1775423487499,500224
1775423487501,500224
1775423487502,500224
1775423487506,500224
1775423487512,500224
1775423487515,500224
1775423487518,500224
1775423487519,500224
1775423487521,500224
1775423487524,500224
1775423487527,500224
1775423487529,500224
1775423487532,500224
1775423487535,500224
1775423487538,500224
1775423487539,500224
1775423487541,500224
1775423487543,500224
1775423487545,500224
1775423487546,500224
1775423487948,500224
1775423487951,500224
1775423487955,500224
1775423487958,500224
1775423487961,500224
1775423487964,500224
1775423487966,500224
1775423487968,500224
1775423487970,500224
1775423487976,500224
1775423487978,500224
1775423487984,500224
1775423487989,500224
1775423487993,500224
1775423487998,500224
1775423488002,500224
1775423488004,500224
1775423488006,500224
1775423488009,500224
1775423488011,500224
1775423488013,500224
1775423488015,500224
1775423488018,500224
1775423488020,500224
1775423488025,500224
1775423488030,500224
1775423488032,500224
1775423488034,500224
1775423488035,500224
1775423488036,500224
1775423488038,500224
1775423488039,500224
1775423488040,500224
1775423488042,500224
1775423488043,500224
1775423488044,500224
1775423488045,500224
1775423488048,500224
1775423488050,500224
1775423488051,500224
1775423488054,500224
1775423488058,500224
1775423488061,500224
1775423488065,500224
1775423488068,500224
1775423488070,500224
1775423488072,500224
1775423488075,500224
1775423488077,500224
1775423488084,500224
1775423488087,500224
1775423488091,500224
1775423488093,500224
1775423488094,500224
1775423488097,500224
1775423488099,500224
1775423488101,500224
1775423488103,500224
1775423488105,500224
1775423488107,500224
1775423488108,500224
1775423488110,500224
1775423488112,500224
1775423488114,500224
1775423488117,500224
1775423488119,500224
1775423488121,500224
1775423488123,500224
1775423488124,500224
1775423488127,500224
1775423488129,500224
1775423488130,500224
1775423488132,500224
1775423488133,500224
1775423488134,500224
1775423488136,500224
1775423488137,500224
1775423488138,500224
1775423488140,500224
1775423488141,500224
1775423488142,500224
1775423488144,500224
1775423488145,500224
1775423488148,500224
1775423488149,500224
1775423488151,500224
1775423488158,500224
1775423488160,500224
1775423488162,500224
1775423488166,500224
1775423488170,500224
1775423488173,500224
1775423488176,500224
1775423488178,500224
1775423488179,500224
1775423488181,500224
1775423488182,500224
1775423488184,500224
1775423488185,500224
1775423488187,500224
1775423488188,500224
1775423488189,500224
1775423488191,500224
1775423488192,500224
1775423488194,500224
1775423488195,500224
1775423488197,500224
1775423488566,500224
1775423488572,500224
1775423488575,500224
1775423488579,500224
1775423488582,500224
1775423488585,500224
1775423488588,500224
1775423488591,500224
1775423488595,500224
1775423488598,500224
1775423488601,500224
1775423488605,500224
1775423488607,500224
1775423488609,500224
1775423488610,500224
1775423488612,500224
1775423488613,500224
1775423488615,500224
1775423488620,500224
1775423488623,500224
1775423488625,500224
1775423488628,500224
1775423488631,500224
1775423488633,500224
1775423488636,500224
1775423488638,500224
1775423488640,500224
1775423488642,500224
1775423488644,500224
1775423488646,500224
1775423488648,500224
1775423488650,500224
1775423488651,500224
1775423488654,500224
1775423488659,500224
1775423488665,500224
1775423488668,500224
1775423488674,500224
1775423488677,500224
1775423488680,500224
1775423488683,500224
1775423488685,500224
1775423488686,500224
1775423488687,500224
1775423488689,500224
1775423488691,500224
1775423488692,500224
1775423488693,500224
1775423488695,500224
1775423488697,500224
1775423488698,500224
1775423488700,500224
1775423488701,500224
1775423488702,500224
1775423488704,500224
1775423488705,500224
1775423488706,500224
1775423488708,500224
1775423488709,500224
1775423488710,500224
1775423488713,500224
1775423488714,500224
1775423488716,500224
1775423488718,500224
1775423488719,500224
1775423488720,500224
1775423488722,500224
1775423488723,500224
1775423488724,500224
1775423488725,500224
1775423488727,500224
1775423488728,500224
1775423488729,500224
1775423488731,500224
1775423488732,500224
1775423488734,500224
1775423488735,500224
1775423488737,500224
1775423488739,500224
1775423488741,500224
1775423488743,500224
1775423488745,500224
1775423488746,500224
1775423488747,500224
1775423488748,500224
1775423488750,500224
1775423488751,500224
1775423488753,500224
1775423488755,500224
1775423488757,500224
1775423488759,500224
1775423488761,500224
1775423488763,500224
1775423488764,500224
1775423488766,500224
1775423488767,500224
1775423488769,500224
1775423488771,500224
1775423488773,500224
1775423488774,500224
1775423488775,500224
1775423488777,500224
1775423488778,500224
1775423488779,500224
1775423488780,500224
1775423488782,500224
1775423488783,500224
1775423488784,500224
1775423488786,500224
1775423488787,500224
1775423488788,500224
1775423488790,500224
1775423488791,500224
1775423488793,500224
1775423488796,500224
1775423488798,500224
1775423488801,500224
1775423488803,500224
1775423488805,500224
1775423489123,500224
1775423489129,500224
1775423489131,500224
1775423489134,500224
1775423489137,500224
1775423489139,500224
1775423489140,500224
1775423489142,500224
1775423489144,500224
1775423489146,500224
1775423489147,500224
1775423489149,500224
1775423489152,500224
1775423489154,500224
1775423489158,500224
1775423489162,500224
1775423489164,500224
1775423489166,500224
1775423489168,500224
1775423489169,500224
1775423489170,500224
1775423489172,500224
1775423489173,500224
1775423489175,500224
1775423489176,500224
1775423489178,500224
1775423489181,500224
1775423489184,500224
1775423489187,500224
1775423489190,500224
1775423489193,500224
1775423489196,500224
1775423489199,500224
1775423489201,500224
1775423489203,500224
1775423489208,500224
1775423489213,500224
1775423489216,500224
1775423489218,500224
1775423489221,500224
1775423489224,500224
1775423489227,500224
1775423489229,500224
1775423489231,500224
1775423489234,500224
1775423489237,500224
1775423489239,500224
1775423489245,500224
1775423489246,500224
1775423489249,500224
1775423489255,500224
1775423489259,500224
1775423489262,500224
1775423489264,500224
1775423489266,500224
1775423489268,500224
1775423489270,500224
1775423489272,500224
1775423489274,500224
1775423489276,500224
1775423489278,500224
1775423489279,500224
1775423489280,500224
1775423489282,500224
1775423489285,500224
1775423489289,500224
1775423489291,500224
1775423489293,500224
1775423489294,500224
1775423489295,500224
1775423489297,500224
1775423489298,500224
1775423489299,500224
1775423489300,500224
1775423489304,500224
1775423489306,500224
1775423489310,500224
1775423489312,500224
1775423489314,500224
1775423489315,500224
1775423489319,500224
1775423489322,500224
1775423489323,500224
1775423489326,500224
1775423489328,500224
1775423489330,500224
1775423489336,500224
1775423489338,500224
1775423489341,500224
1775423489343,500224
1775423489345,500224
1775423489347,500224
1775423489349,500224
1775423489351,500224
1775423489353,500224
1775423489356,500224
1775423489357,500224
1775423489359,500224
1775423489360,500224
1775423489361,500224
1775423489362,500224
1775423489364,500224
1775423489365,500224
1775423489366,500224
1775423489368,500224
1775423489369,500224
1775423489370,500224
1775423489372,500224
1775423489374,500224
1775423489376,500224
1775423489377,500224
1775423489380,500224
1775423489383,500224
1775423489386,500224
1775423489388,500224
1775423489391,500224
1775423489394,500224
1775423489397,500224
1775423489399,500224
1775423489420,500224
1775423489424,500224
1775423489426,500224
1775423489428,500224
1775423489429,500224
1775423489431,500224
1775423489432,500224
1775423489434,500224
1775423489436,500224
1775423489437,500224
1775423489438,500224
1775423489444,500224
1775423489445,500224
1775423489447,500224
1775423489451,500224
1775423489453,500224
1775423489455,500224
1775423489457,500224
1775423489459,500224
1775423489460,500224
1775423489462,500224
1775423489463,500224
1775423489465,500224
1775423489770,500224
1775423489772,500224
1775423489774,500224
1775423489776,500224
1775423489777,500224
1775423489779,500224
1775423489780,500224
1775423489784,500224
1775423489788,500224
1775423489792,500224
1775423489794,500224
1775423489796,500224
1775423489797,500224
1775423489799,500224
1775423489800,500224
1775423489802,500224
1775423489803,500224
1775423489805,500224
1775423489806,500224
1775423489808,500224
1775423489811,500224
1775423489820,500224
1775423489821,500224
1775423489825,500224
1775423489827,500224
1775423489830,500224
1775423489832,500224
1775423489835,500224
1775423489837,500224
1775423489839,500224
1775423489842,500224
1775423489845,500224
1775423489847,500224
1775423489849,500224
1775423489851,500224
1775423489853,500224
1775423489856,500224
1775423489858,500224
1775423489860,500224
1775423489862,500224
1775423489864,500224
1775423489866,500224
1775423489867,500224
1775423489869,500224
1775423489871,500224
1775423489873,500224
1775423489875,500224
1775423489876,500224
1775423489878,500224
1775423489880,500224
1775423489882,500224
1775423489883,500224
1775423489885,500224
1775423489887,500224
1775423489890,500224
1775423489892,500224
1775423489894,500224
1775423489899,500224
1775423489901,500224
1775423489903,500224
1775423489906,500224
1775423489907,500224
1775423489909,500224
1775423489912,500224
1775423489913,500224
1775423489915,500224
1775423489917,500224
1775423489918,500224
1775423489920,500224
1775423489922,500224
1775423489923,500224
1775423489925,500224
1775423489927,500224
1775423489928,500224
1775423489932,500224
1775423489935,500224
1775423489938,500224
1775423489944,500224
1775423489946,500224
1775423489948,500224
1775423489950,500224
1775423489953,500224
1775423489956,500224
1775423489958,500224
1775423489962,500224
1775423489964,500224
1775423489965,500224
1775423489967,500224
1775423489968,500224
1775423489969,500224
1775423489971,500224
1775423489972,500224
1775423489974,500224
1775423489975,500224
1775423489977,500224
1775423489980,500224
1775423489982,500224
1775423489984,500224
1775423489985,500224
1775423489988,500224
1775423489990,500224
1775423489992,500224
1775423489994,500224
1775423489995,500224
1775423489997,500224
1775423490000,500224
1775423490002,500224
1775423490003,500224
1775423490005,500224
1775423490008,500224
1775423490011,500224
1775423490014,500224
1775423490016,500224
1775423490018,500224
1775423490020,500224
1775423490022,500224
1775423490024,500224
1775423490027,500224
1775423490030,500224
1775423490032,500224
1775423490033,500224
1775423490041,500224
1775423490043,500224
1775423490330,500224
1775423490334,500224
1775423490336,500224
1775423490339,500224
1775423490341,500224
1775423490343,500224
1775423490345,500224
1775423490346,500224
1775423490349,500224
1775423490351,500224
1775423490353,500224
1775423490355,500224
1775423490356,500224
1775423490358,500224
1775423490359,500224
1775423490361,500224
1775423490365,500224
1775423490371,500224
1775423490373,500224
1775423490375,500224
1775423490385,500224
1775423490389,500224
1775423490390,500224
1775423490391,500224
1775423490393,500224
1775423490394,500224
1775423490395,500224
1775423490398,500224
1775423490401,500224
1775423490404,500224
1775423490406,500224
1775423490409,500224
1775423490413,500224
1775423490416,500224
1775423490419,500224
1775423490422,500224
1775423490426,500224
1775423490427,500224
1775423490430,500224
1775423490432,500224
1775423490434,500224
1775423490435,500224
1775423490436,500224
1775423490439,500224
1775423490441,500224
1775423490443,500224
1775423490444,500224
1775423490445,500224
1775423490447,500224
1775423490448,500224
1775423490449,500224
1775423490450,500224
1775423490452,500224
1775423490454,500224
1775423490455,500224
1775423490457,500224
1775423490458,500224
1775423490460,500224
1775423490461,500224
1775423490463,500224
1775423490464,500224
1775423490465,500224
1775423490466,500224
1775423490468,500224
1775423490469,500224
1775423490470,500224
1775423490471,500224
1775423490473,500224
1775423490474,500224
1775423490475,500224
1775423490478,500224
1775423490480,500224
1775423490483,500224
1775423490485,500224
1775423490487,500224
1775423490489,500224
1775423490491,500224
1775423490493,500224
1775423490495,500224
1775423490496,500224
1775423490499,500224
1775423490501,500224
1775423490503,500224
1775423490505,500224
1775423490507,500224
1775423490509,500224
1775423490511,500224
1775423490513,500224
1775423490517,500224
1775423490520,500224
1775423490525,500224
1775423490528,500224
1775423490531,500224
1775423490533,500224
1775423490536,500224
1775423490539,500224
1775423490543,500224
1775423490546,500224
1775423490551,500224
1775423490556,500224
1775423490563,500224
1775423490565,500224
1775423490568,500224
1775423490571,500224
1775423490574,500224
1775423490932,500224
1775423490934,500224
1775423490937,500224
1775423490940,500224
1775423490943,500224
1775423490946,500224
1775423490948,500224
1775423490951,500224
1775423490953,500224
1775423490956,500224
1775423490958,500224
1775423490961,500224
1775423490965,500224
1775423490970,500224
1775423490972,500224
1775423490974,500224
1775423490975,500224
1775423490986,500224
1775423490990,500224
1775423490993,500224
1775423490995,500224
1775423490998,500224
1775423491001,500224
1775423491003,500224
1775423491008,500224
1775423491011,500224
1775423491014,500224
1775423491016,500224
1775423491019,500224
1775423491022,500224
1775423491030,500224
1775423491032,500224
1775423491035,500224
1775423491037,500224
1775423491040,500224
1775423491042,500224
1775423491045,500224
1775423491047,500224
1775423491049,500224
1775423491051,500224
1775423491053,500224
1775423491056,500224
1775423491058,500224
1775423491059,500224
1775423491061,500224
1775423491063,500224
1775423491065,500224
1775423491067,500224
1775423491069,500224
1775423491071,500224
1775423491073,500224
1775423491074,500224
1775423491076,500224
1775423491077,500224
1775423491079,500224
1775423491081,500224
1775423491082,500224
1775423491084,500224
1775423491086,500224
1775423491097,500224
1775423491101,500224
1775423491106,500224
1775423491108,500224
1775423491112,500224
1775423491121,500224
1775423491125,500224
1775423491133,500224
1775423491135,500224
1775423491143,500224
1775423491146,500224
1775423491148,500224
1775423491151,500224
1775423491153,500224
1775423491154,500224
1775423491156,500224
1775423491157,500224
1775423491159,500224
1775423491160,500224
1775423491161,500224
1775423491162,500224
1775423491164,500224
1775423491165,500224
1775423491166,500224
1775423491168,500224
1775423491169,500224
1775423491170,500224
1775423491172,500224
1775423491173,500224
1775423491175,500224
1775423491178,500224
1775423491180,500224
1775423491181,500224
1775423491183,500224
1775423491186,500224
1775423491188,500224
1775423491190,500224
1775423491194,500224
1775423491531,500224
1775423491536,500224
1775423491539,500224
1775423491542,500224
1775423491545,500224
1775423491547,500224
1775423491550,500224
1775423491552,500224
1775423491554,500224
1775423491557,500224
1775423491559,500224
1775423491561,500224
1775423491563,500224
1775423491566,500224
1775423491568,500224
1775423491571,500224
1775423491573,500224
1775423491575,500224
1775423491578,500224
1775423491580,500224
1775423491582,500224
1775423491585,500224
1775423491586,500224
1775423491587,500224
1775423491589,500224
1775423491590,500224
1775423491592,500224
1775423491593,500224
1775423491595,500224
1775423491596,500224
1775423491598,500224
1775423491605,500224
1775423491610,500224
1775423491611,500224
1775423491613,500224
1775423491614,500224
1775423491615,500224
1775423491616,500224
1775423491618,500224
1775423491619,500224
1775423491620,500224
1775423491623,500224
1775423491625,500224
1775423491628,500224
1775423491630,500224
1775423491632,500224
1775423491634,500224
1775423491636,500224
1775423491638,500224
1775423491640,500224
1775423491642,500224
1775423491644,500224
1775423491646,500224
1775423491654,500224
1775423491658,500224
1775423491659,500224
1775423491660,500224
1775423491664,500224
1775423491666,500224
1775423491668,500224
1775423491670,500224
1775423491672,500224
1775423491674,500224
1775423491676,500224
1775423491678,500224
1775423491683,500224
1775423491686,500224
1775423491688,500224
1775423491690,500224
1775423491694,500224
1775423491697,500224
1775423491700,500224
1775423491703,500224
1775423491705,500224
1775423491708,500224
1775423491710,500224
1775423491712,500224
1775423491714,500224
1775423491716,500224
1775423491720,500224
1775423491723,500224
1775423491725,500224
1775423491726,500224
1775423491728,500224
1775423491730,500224
1775423491731,500224
1775423491733,500224
1775423491736,500224
1775423491738,500224
1775423491739,500224
1775423491742,500224
1775423491745,500224
1775423491747,500224
1775423491750,500224
1775423491753,500224
1775423491756,500224
1775423491758,500224
1775423491760,500224
1775423491763,500224
1775423491765,500224
1775423491768,500224
1775423491770,500224
1775423491772,500224
1775423492133,500224
1775423492135,500224
1775423492137,500224
1775423492140,500224
1775423492142,500224
1775423492146,500224
1775423492149,500224
1775423492151,500224
1775423492154,500224
1775423492156,500224
1775423492158,500224
1775423492160,500224
1775423492164,500224
1775423492167,500224
1775423492170,500224
1775423492172,500224
1775423492175,500224
1775423492180,500224
1775423492185,500224
1775423492190,500224
1775423492191,500224
1775423492193,500224
1775423492194,500224
1775423492195,500224
1775423492196,500224
1775423492200,500224
1775423492202,500224
1775423492205,500224
1775423492207,500224
1775423492209,500224
1775423492213,500224
1775423492216,500224
1775423492219,500224
1775423492222,500224
1775423492224,500224
1775423492225,500224
1775423492227,500224
1775423492230,500224
1775423492232,500224
1775423492235,500224
1775423492238,500224
1775423492240,500224
1775423492243,500224
1775423492245,500224
1775423492248,500224
1775423492250,500224
1775423492252,500224
1775423492254,500224
1775423492256,500224
1775423492258,500224
1775423492260,500224
1775423492261,500224
1775423492263,500224
1775423492265,500224
1775423492267,500224
1775423492268,500224
1775423492270,500224
1775423492271,500224
1775423492274,500224
1775423492277,500224
1775423492279,500224
1775423492280,500224
1775423492283,500224
1775423492286,500224
1775423492288,500224
1775423492293,500224
1775423492295,500224
1775423492298,500224
1775423492300,500224
1775423492301,500224
1775423492303,500224
1775423492304,500224
1775423492305,500224
1775423492307,500224
1775423492308,500224
1775423492309,500224
1775423492311,500224
1775423492312,500224
1775423492313,500224
1775423492315,500224
1775423492316,500224
1775423492317,500224
1775423492320,500224
1775423492322,500224
1775423492325,500224
1775423492328,500224
1775423492331,500224
1775423492333,500224
1775423492336,500224
1775423492339,500224
1775423492341,500224
1775423492344,500224
1775423492346,500224
1775423492349,500224
1775423492351,500224
1775423492353,500224
1775423492355,500224
1775423492357,500224
1775423492359,500224
1775423492361,500224
1775423492362,500224
1775423492364,500224
1775423492366,500224
1775423492368,500224
1775423492370,500224
1775423492373,500224
1775423492376,500224
1775423492378,500224
1775423492381,500224
1775423492384,500224
1775423492386,500224
1775423492733,500224
1775423492736,500224
1775423492738,500224
1775423492740,500224
1775423492742,500224
1775423492744,500224
1775423492745,500224
1775423492747,500224
1775423492749,500224
1775423492750,500224
1775423492752,500224
1775423492754,500224
1775423492755,500224
1775423492759,500224
1775423492762,500224
1775423492764,500224
1775423492766,500224
1775423492767,500224
1775423492769,500224
1775423492774,500224
1775423492777,500224
1775423492782,500224
1775423492783,500224
1775423492786,500224
1775423492790,500224
1775423492791,500224
1775423492793,500224
1775423492794,500224
1775423492796,500224
1775423492797,500224
1775423492798,500224
1775423492800,500224
1775423492801,500224
1775423492802,500224
1775423492803,500224
1775423492806,500224
1775423492809,500224
1775423492813,500224
1775423492817,500224
1775423492819,500224
1775423492821,500224
1775423492826,500224
1775423492827,500224
1775423492829,500224
1775423492831,500224
1775423492832,500224
1775423492834,500224
1775423492835,500224
1775423492838,500224
1775423492841,500224
1775423492844,500224
1775423492846,500224
1775423492852,500224
1775423492856,500224
1775423492857,500224
1775423492859,500224
1775423492860,500224
1775423492861,500224
1775423492862,500224
1775423492864,500224
1775423492865,500224
1775423492866,500224
1775423492869,500224
1775423492871,500224
1775423492872,500224
1775423492874,500224
1775423492876,500224
1775423492878,500224
1775423492879,500224
1775423492880,500224
1775423492882,500224
1775423492883,500224
1775423492884,500224
1775423492885,500224
1775423492887,500224
1775423492888,500224
1775423492889,500224
1775423492890,500224
1775423492891,500224
1775423492893,500224
1775423492894,500224
1775423492896,500224
1775423492901,500224
1775423492902,500224
1775423492904,500224
1775423492905,500224
1775423492908,500224
1775423492911,500224
1775423492912,500224
1775423492914,500224
1775423492917,500224
1775423492918,500224
1775423492919,500224
1775423493336,500224
1775423493339,500224
1775423493343,500224
1775423493346,500224
1775423493349,500224
1775423493351,500224
1775423493354,500224
1775423493357,500224
1775423493359,500224
1775423493362,500224
1775423493370,500224
1775423493377,500224
1775423493382,500224
1775423493385,500224
1775423493388,500224
1775423493390,500224
1775423493393,500224
1775423493396,500224
1775423493398,500224
1775423493401,500224
1775423493403,500224
1775423493406,500224
1775423493409,500224
1775423493411,500224
1775423493413,500224
1775423493415,500224
1775423493417,500224
1775423493419,500224
1775423493421,500224
1775423493422,500224
1775423493424,500224
1775423493426,500224
1775423493427,500224
1775423493429,500224
1775423493430,500224
1775423493432,500224
1775423493434,500224
1775423493436,500224
1775423493438,500224
1775423493440,500224
1775423493444,500224
1775423493446,500224
1775423493447,500224
1775423493449,500224
1775423493450,500224
1775423493451,500224
1775423493453,500224
1775423493454,500224
1775423493456,500224
1775423493457,500224
1775423493458,500224
1775423493459,500224
1775423493461,500224
1775423493462,500224
1775423493463,500224
1775423493464,500224
1775423493466,500224
1775423493467,500224
1775423493468,500224
1775423493469,500224
1775423493471,500224
1775423493473,500224
1775423493474,500224
1775423493475,500224
1775423493477,500224
1775423493478,500224
1775423493480,500224
1775423493482,500224
1775423493484,500224
1775423493485,500224
1775423493487,500224
1775423493488,500224
1775423493490,500224
1775423493491,500224
1775423493493,500224
1775423493495,500224
1775423493499,500224
1775423493501,500224
1775423493505,500224
1775423493508,500224
1775423493511,500224
1775423493514,500224
1775423493516,500224
1775423493519,500224
1775423493521,500224
1775423493523,500224
1775423493526,500224
1775423493529,500224
1775423493531,500224
1775423493534,500224
1775423493536,500224
1775423493538,500224
1775423493540,500224
1775423493541,500224
1775423493543,500224
1775423493545,500224
1775423493547,500224
1775423493551,500224
1775423493554,500224
1775423493556,500224
1775423493559,500224
1775423493562,500224
1775423493565,500224
1775423493566,500224
1775423493567,500224
1775423493569,500224
1775423493570,500224
1775423493571,500224
1775423493572,500224
1775423493574,500224
1775423493575,500224
1775423493578,500224
1775423493579,500224
1775423493944,500224
1775423493947,500224
1775423493949,500224
1775423493951,500224
1775423493954,500224
1775423493956,500224
1775423493958,500224
1775423493960,500224
1775423493962,500224
1775423493964,500224
1775423493966,500224
1775423493967,500224
1775423493969,500224
1775423493970,500224
1775423493971,500224
1775423493973,500224
1775423493974,500224
1775423493976,500224
1775423493980,500224
1775423493982,500224
1775423493984,500224
1775423493986,500224
1775423493987,500224
1775423493989,500224
1775423493991,500224
1775423493995,500224
1775423493998,500224
1775423494001,500224
1775423494003,500224
1775423494009,500224
1775423494012,500224
1775423494013,500224
1775423494017,500224
1775423494021,500224
1775423494025,500224
1775423494027,500224
1775423494032,500224
1775423494034,500224
1775423494036,500224
1775423494038,500224
1775423494039,500224
1775423494041,500224
1775423494044,500224
1775423494046,500224
1775423494049,500224
1775423494050,500224
1775423494052,500224
1775423494053,500224
1775423494054,500224
1775423494056,500224
1775423494057,500224
1775423494058,500224
1775423494059,500224
1775423494061,500224
1775423494062,500224
1775423494065,500224
1775423494068,500224
1775423494071,500224
1775423494074,500224
1775423494076,500224
1775423494079,500224
1775423494081,500224
1775423494084,500224
1775423494086,500224
1775423494088,500224
1775423494092,500224
1775423494094,500224
1775423494096,500224
1775423494098,500224
1775423494100,500224
1775423494102,500224
1775423494104,500224
1775423494106,500224
1775423494107,500224
1775423494110,500224
1775423494112,500224
1775423494114,500224
1775423494116,500224
1775423494118,500224
1775423494120,500224
1775423494123,500224
1775423494125,500224
1775423494128,500224
1775423494129,500224
1775423494132,500224
1775423494134,500224
1775423494137,500224
1775423494139,500224
1775423494141,500224
1775423494143,500224
1775423494144,500224
1775423494146,500224
1775423494149,500224
1775423494152,500224
1775423494155,500224
1775423494157,500224
1775423494159,500224
1775423494162,500224
1775423494163,500224
1775423494165,500224
1775423494168,500224
1775423494172,500224
1775423494173,500224
1775423494175,500224
1775423494176,500224
1775423494177,500224
1775423494179,500224
1775423494180,500224
1775423494183,500224
1775423494186,500224
1775423494192,500224
1775423494194,500224
1775423494535,500224
1775423494537,500224
1775423494541,500224
1775423494543,500224
1775423494546,500224
1775423494550,500224
1775423494553,500224
1775423494554,500224
1775423494560,500224
1775423494563,500224
1775423494564,500224
1775423494565,500224
1775423494567,500224
1775423494569,500224
1775423494572,500224
1775423494575,500224
1775423494577,500224
1775423494581,500224
1775423494583,500224
1775423494587,500224
1775423494592,500224
1775423494594,500224
1775423494595,500224
1775423494598,500224
1775423494600,500224
1775423494602,500224
1775423494605,500224
1775423494608,500224
1775423494611,500224
1775423494613,500224
1775423494615,500224
1775423494617,500224
1775423494619,500224
1775423494620,500224
1775423494621,500224
1775423494623,500224
1775423494624,500224
1775423494625,500224
1775423494627,500224
1775423494629,500224
1775423494631,500224
1775423494633,500224
1775423494635,500224
1775423494636,500224
1775423494637,500224
1775423494639,500224
1775423494640,500224
1775423494641,500224
1775423494642,500224
1775423494644,500224
1775423494646,500224
1775423494648,500224
1775423494650,500224
1775423494652,500224
1775423494653,500224
1775423494655,500224
1775423494662,500224
1775423494671,500224
1775423494673,500224
1775423494675,500224
1775423494676,500224
1775423494677,500224
1775423494678,500224
1775423494680,500224
1775423494681,500224
1775423494682,500224
1775423494684,500224
1775423494685,500224
1775423494686,500224
1775423494688,500224
1775423494689,500224
1775423494691,500224
1775423494692,500224
1775423494696,500224
1775423494698,500224
1775423494700,500224
1775423494702,500224
1775423494704,500224
1775423494706,500224
1775423494708,500224
1775423494709,500224
1775423494710,500224
1775423494712,500224
1775423494714,500224
1775423494718,500224
1775423494721,500224
1775423494726,500224
1775423494728,500224
1775423494730,500224
1775423494733,500224
1775423494735,500224
1775423494738,500224
1775423494740,500224
1775423494744,500224
1775423494746,500224
1775423494748,500224
1775423494750,500224
1775423494751,500224
1775423494752,500224
1775423494755,500224
1775423494758,500224
1775423494761,500224
1775423494763,500224
1775423494766,500224
1775423495141,500224
1775423495143,500224
1775423495144,500224
1775423495146,500224
1775423495147,500224
1775423495148,500224
1775423495151,500224
1775423495153,500224
1775423495155,500224
1775423495157,500224
1775423495159,500224
1775423495160,500224
1775423495162,500224
1775423495165,500224
1775423495168,500224
1775423495170,500224
1775423495173,500224
1775423495175,500224
1775423495179,500224
1775423495182,500224
1775423495183,500224
1775423495185,500224
1775423495188,500224
1775423495190,500224
1775423495193,500224
1775423495195,500224
1775423495198,500224
1775423495199,500224
1775423495201,500224
1775423495202,500224
1775423495204,500224
1775423495206,500224
1775423495208,500224
1775423495211,500224
1775423495213,500224
1775423495215,500224
1775423495216,500224
1775423495217,500224
1775423495219,500224
1775423495220,500224
1775423495221,500224
1775423495223,500224
1775423495224,500224
1775423495228,500224
1775423495230,500224
1775423495234,500224
1775423495236,500224
1775423495239,500224
1775423495247,500224
1775423495250,500224
1775423495252,500224
1775423495254,500224
1775423495257,500224
1775423495259,500224
1775423495260,500224
1775423495262,500224
1775423495263,500224
1775423495264,500224
1775423495266,500224
1775423495267,500224
1775423495269,500224
1775423495270,500224
1775423495273,500224
1775423495283,500224
1775423495285,500224
1775423495286,500224
1775423495288,500224
1775423495289,500224
1775423495291,500224
1775423495302,500224
1775423495305,500224
1775423495310,500224
1775423495313,500224
1775423495318,500224
1775423495321,500224
1775423495323,500224
1775423495325,500224
1775423495326,500224
1775423495328,500224
1775423495329,500224
1775423495331,500224
1775423495332,500224
1775423495333,500224
1775423495334,500224
1775423495337,500224
1775423495341,500224
1775423495343,500224
1775423495347,500224
1775423495350,500224
1775423495356,500224
1775423495358,500224
1775423495360,500224
1775423495362,500224
1775423495364,500224
1775423495367,500224
1775423495369,500224
1775423495371,500224
1775423495373,500224
1775423495375,500224
1775423495377,500224
1775423495378,500224
1775423495380,500224
1775423495381,500224
1775423495383,500224
1775423495384,500224
1775423495386,500224
1775423495388,500224
1775423495739,500224
1775423495742,500224
1775423495744,500224
1775423495746,500224
1775423495748,500224
1775423495750,500224
1775423495753,500224
1775423495755,500224
1775423495757,500224
1775423495763,500224
1775423495766,500224
1775423495769,500224
1775423495770,500224
1775423495771,500224
1775423495773,500224
1775423495777,500224
1775423495783,500224
1775423495788,500224
1775423495790,500224
1775423495792,500224
1775423495794,500224
1775423495795,500224
1775423495798,500224
1775423495802,500224
1775423495804,500224
1775423495805,500224
1775423495811,500224
1775423495813,500224
1775423495819,500224
1775423495820,500224
1775423495823,500224
1775423495826,500224
1775423495829,500224
1775423495832,500224
1775423495834,500224
1775423495836,500224
1775423495837,500224
1775423495839,500224
1775423495840,500224
1775423495841,500224
1775423495842,500224
1775423495844,500224
1775423495845,500224
1775423495846,500224
1775423495847,500224
1775423495849,500224
1775423495850,500224
1775423495851,500224
1775423495853,500224
1775423495855,500224
1775423495856,500224
1775423495857,500224
1775423495861,500224
1775423495864,500224
1775423495866,500224
1775423495869,500224
1775423495870,500224
1775423495871,500224
1775423495876,500224
1775423495878,500224
1775423495881,500224
1775423495884,500224
1775423495887,500224
1775423495889,500224
1775423495892,500224
1775423495894,500224
1775423495896,500224
1775423495899,500224
1775423495902,500224
1775423495905,500224
1775423495907,500224
1775423495908,500224
1775423495910,500224
1775423495911,500224
1775423495914,500224
1775423495916,500224
1775423495918,500224
1775423495920,500224
1775423495922,500224
1775423495925,500224
1775423495927,500224
1775423495930,500224
1775423495932,500224
1775423495934,500224
1775423495938,500224
1775423495941,500224
1775423495944,500224
1775423495946,500224
1775423495950,500224
1775423495953,500224
1775423495956,500224
1775423495958,500224
1775423495960,500224
1775423495963,500224
1775423495965,500224
1775423496338,500224
1775423496340,500224
1775423496344,500224
1775423496348,500224
1775423496351,500224
1775423496367,500224
1775423496370,500224
1775423496373,500224
1775423496376,500224
1775423496380,500224
1775423496383,500224
1775423496386,500224
1775423496389,500224
1775423496392,500224
1775423496395,500224
1775423496398,500224
1775423496400,500224
1775423496403,500224
1775423496406,500224
1775423496408,500224
1775423496411,500224
1775423496414,500224
1775423496417,500224
1775423496419,500224
1775423496420,500224
1775423496422,500224
1775423496428,500224
1775423496430,500224
1775423496431,500224
1775423496437,500224
1775423496440,500224
1775423496442,500224
1775423496445,500224
1775423496448,500224
1775423496450,500224
1775423496451,500224
1775423496453,500224
1775423496455,500224
1775423496460,500224
1775423496462,500224
1775423496465,500224
1775423496467,500224
1775423496469,500224
1775423496473,500224
1775423496477,500224
1775423496482,500224
1775423496484,500224
1775423496487,500224
1775423496490,500224
1775423496492,500224
1775423496494,500224
1775423496496,500224
1775423496500,500224
1775423496502,500224
1775423496504,500224
1775423496506,500224
1775423496509,500224
1775423496512,500224
1775423496514,500224
1775423496519,500224
1775423496523,500224
1775423496526,500224
1775423496528,500224
1775423496531,500224
1775423496534,500224
1775423496535,500224
1775423496537,500224
1775423496539,500224
1775423496540,500224
1775423496542,500224
1775423496544,500224
1775423496547,500224
1775423496549,500224
1775423496551,500224
1775423496553,500224
1775423496555,500224
1775423496557,500224
1775423496561,500224
1775423496563,500224
1775423496568,500224
1775423496570,500224
1775423496573,500224
1775423496575,500224
1775423496576,500224
1775423496577,500224
1775423496579,500224
1775423496580,500224
1775423496582,500224
1775423496584,500224
1775423496587,500224
1775423496590,500224
1775423496593,500224
1775423496595,500224
1775423496598,500224
1775423496601,500224
1775423496602,500224
1775423496604,500224
1775423496606,500224
1775423496609,500224
1775423496613,500224
1775423496617,500224
1775423496621,500224
1775423496624,500224
1775423496628,500224
1775423496630,500224
1775423496633,500224
1775423496635,500224
1775423496638,500224
1775423496641,500224
1775423496644,500224
1775423496646,500224
1775423496649,500224
1775423496651,500224
1775423496654,500224
1775423496656,500224
1775423496660,500224
1775423496939,500224
1775423496942,500224
1775423496945,500224
1775423496952,500224
1775423496959,500224
1775423496962,500224
1775423496964,500224
1775423496967,500224
1775423496969,500224
1775423496972,500224
1775423496974,500224
1775423496977,500224
1775423496979,500224
1775423496981,500224
1775423496983,500224
1775423496985,500224
1775423496986,500224
1775423496989,500224
1775423496991,500224
1775423496994,500224
1775423496995,500224
1775423496997,500224
1775423496999,500224
1775423497002,500224
1775423497003,500224
1775423497005,500224
1775423497008,500224
1775423497010,500224
1775423497012,500224
1775423497014,500224
1775423497016,500224
1775423497017,500224
1775423497019,500224
1775423497022,500224
1775423497028,500224
1775423497032,500224
1775423497033,500224
1775423497038,500224
1775423497041,500224
1775423497044,500224
1775423497047,500224
1775423497050,500224
1775423497052,500224
1775423497055,500224
1775423497058,500224
1775423497060,500224
1775423497062,500224
1775423497065,500224
1775423497068,500224
1775423497070,500224
1775423497072,500224
1775423497075,500224
1775423497078,500224
1775423497080,500224
1775423497082,500224
1775423497084,500224
1775423497085,500224
1775423497088,500224
1775423497089,500224
1775423497091,500224
1775423497094,500224
1775423497099,500224
1775423497102,500224
1775423497106,500224
1775423497108,500224
1775423497110,500224
1775423497113,500224
1775423497116,500224
1775423497117,500224
1775423497120,500224
1775423497122,500224
1775423497124,500224
1775423497126,500224
1775423497128,500224
1775423497130,500224
1775423497133,500224
1775423497135,500224
1775423497137,500224
1775423497139,500224
1775423497140,500224
1775423497142,500224
1775423497145,500224
1775423497147,500224
1775423497153,500224
1775423497154,500224
1775423497155,500224
1775423497157,500224
1775423497158,500224
1775423497159,500224
1775423497160,500224
1775423497162,500224
1775423497163,500224
1775423497164,500224
1775423497165,500224
1775423497167,500224
1775423497168,500224
1775423497169,500224
1775423497170,500224
1775423497172,500224
1775423497173,500224
1775423497174,500224
1775423497176,500224
1775423497177,500224
1775423497178,500224
1775423497181,500224
1775423497183,500224
1775423497185,500224
1775423497188,500224
1775423497190,500224
1775423497192,500224
1775423497195,500224
1775423497197,500224
1775423497199,500224
1775423497201,500224
1775423497202,500224
1775423497204,500224
1775423497540,500224
1775423497542,500224
1775423497544,500224
1775423497546,500224
1775423497547,500224
1775423497549,500224
1775423497550,500224
1775423497551,500224
1775423497552,500224
1775423497554,500224
1775423497556,500224
1775423497558,500224
1775423497560,500224
1775423497562,500224
1775423497564,500224
1775423497565,500224
1775423497567,500224
1775423497568,500224
1775423497570,500224
1775423497571,500224
1775423497573,500224
1775423497574,500224
1775423497576,500224
1775423497578,500224
1775423497581,500224
1775423497584,500224
1775423497591,500224
1775423497596,500224
1775423497598,500224
1775423497600,500224
1775423497602,500224
1775423497603,500224
1775423497605,500224
1775423497608,500224
1775423497610,500224
1775423497611,500224
1775423497618,500224
1775423497620,500224
1775423497622,500224
1775423497624,500224
1775423497627,500224
1775423497629,500224
1775423497631,500224
1775423497633,500224
1775423497634,500224
1775423497636,500224
1775423497638,500224
1775423497639,500224
1775423497641,500224
1775423497643,500224
1775423497644,500224
1775423497646,500224
1775423497647,500224
1775423497651,500224
1775423497652,500224
1775423497653,500224
1775423497655,500224
1775423497659,500224
1775423497663,500224
1775423497665,500224
1775423497666,500224
1775423497667,500224
1775423497669,500224
1775423497670,500224
1775423497671,500224
1775423497672,500224
1775423497674,500224
1775423497675,500224
1775423497676,500224
1775423497679,500224
1775423497682,500224
1775423497684,500224
1775423497685,500224
1775423497687,500224
1775423497688,500224
1775423497689,500224
1775423497690,500224
1775423497692,500224
1775423497693,500224
1775423497698,500224
1775423497700,500224
1775423497703,500224
1775423497705,500224
1775423497709,500224
1775423497712,500224
1775423497714,500224
1775423497716,500224
1775423497718,500224
1775423497722,500224
1775423497725,500224
1775423497728,500224
1775423497730,500224
1775423497732,500224
1775423497736,500224
1775423497739,500224
1775423498141,500224
1775423498144,500224
1775423498146,500224
1775423498148,500224
1775423498152,500224
1775423498154,500224
1775423498156,500224
1775423498160,500224
1775423498162,500224
1775423498165,500224
1775423498167,500224
1775423498169,500224
1775423498171,500224
1775423498173,500224
1775423498176,500224
1775423498179,500224
1775423498180,500224
1775423498182,500224
1775423498183,500224
1775423498185,500224
1775423498187,500224
1775423498198,500224
1775423498201,500224
1775423498206,500224
1775423498209,500224
1775423498210,500224
1775423498213,500224
1775423498215,500224
1775423498217,500224
1775423498223,500224
1775423498225,500224
1775423498227,500224
1775423498229,500224
1775423498232,500224
1775423498234,500224
1775423498236,500224
1775423498238,500224
1775423498239,500224
1775423498242,500224
1775423498244,500224
1775423498245,500224
1775423498248,500224
1775423498249,500224
1775423498251,500224
1775423498253,500224
1775423498254,500224
1775423498256,500224
1775423498257,500224
1775423498259,500224
1775423498261,500224
1775423498262,500224
1775423498264,500224
1775423498265,500224
1775423498270,500224
1775423498271,500224
1775423498274,500224
1775423498276,500224
1775423498277,500224
1775423498278,500224
1775423498280,500224
1775423498281,500224
1775423498282,500224
1775423498283,500224
1775423498285,500224
1775423498286,500224
1775423498287,500224
1775423498288,500224
1775423498290,500224
1775423498291,500224
1775423498296,500224
1775423498299,500224
1775423498301,500224
1775423498303,500224
1775423498305,500224
1775423498307,500224
1775423498308,500224
1775423498311,500224
1775423498313,500224
1775423498316,500224
1775423498319,500224
1775423498321,500224
1775423498324,500224
1775423498326,500224
1775423498328,500224
1775423498331,500224
1775423498333,500224
1775423498334,500224
1775423498335,500224
1775423498337,500224
1775423498339,500224
1775423498342,500224
1775423498344,500224
1775423498346,500224
1775423498347,500224
1775423498349,500224
1775423498741,500224
1775423498743,500224
1775423498745,500224
1775423498747,500224
1775423498748,500224
1775423498750,500224
1775423498753,500224
1775423498756,500224
1775423498759,500224
1775423498761,500224
1775423498764,500224
1775423498765,500224
1775423498766,500224
1775423498770,500224
1775423498774,500224
1775423498777,500224
1775423498778,500224
1775423498780,500224
1775423498782,500224
1775423498785,500224
1775423498786,500224
1775423498790,500224
1775423498797,500224
1775423498798,500224
1775423498799,500224
1775423498801,500224
1775423498802,500224
1775423498803,500224
1775423498808,500224
1775423498810,500224
1775423498815,500224
1775423498818,500224
1775423498820,500224
1775423498821,500224
1775423498822,500224
1775423498825,500224
1775423498827,500224
1775423498829,500224
1775423498831,500224
1775423498832,500224
1775423498834,500224
1775423498835,500224
1775423498837,500224
1775423498838,500224
1775423498840,500224
1775423498841,500224
1775423498843,500224
1775423498844,500224
1775423498845,500224
1775423498847,500224
1775423498850,500224
1775423498856,500224
1775423498858,500224
1775423498861,500224
1775423498864,500224
1775423498866,500224
1775423498869,500224
1775423498870,500224
1775423498872,500224
1775423498873,500224
1775423498874,500224
1775423498875,500224
1775423498877,500224
1775423498878,500224
1775423498884,500224
1775423498888,500224
1775423498889,500224
1775423498891,500224
1775423498892,500224
1775423498893,500224
1775423498894,500224
1775423498896,500224
1775423498897,500224
1775423498898,500224
1775423498899,500224
1775423498902,500224
1775423498904,500224
1775423498905,500224
1775423498907,500224
1775423498909,500224
1775423498910,500224
1775423498912,500224
1775423498913,500224
1775423498915,500224
1775423498916,500224
1775423498918,500224
1775423498920,500224
1775423498922,500224
1775423498923,500224
1775423498925,500224
1775423498926,500224
1775423498928,500224
1775423498929,500224
1775423498930,500224
1775423498931,500224
1775423498933,500224
1775423498934,500224
1775423498935,500224
1775423498936,500224
1775423498938,500224
1775423498939,500224
1775423498940,500224
1775423498941,500224
1775423498943,500224
1775423498944,500224
1775423498945,500224
1775423498949,500224
1775423498950,500224
1775423498951,500224
1775423498952,500224
1775423498954,500224
1775423498955,500224
1775423498956,500224
1775423498957,500224
1775423498959,500224
1775423499342,500224
1775423499345,500224
1775423499348,500224
1775423499350,500224
1775423499354,500224
1775423499356,500224
1775423499358,500224
1775423499362,500224
1775423499363,500224
1775423499365,500224
1775423499366,500224
1775423499368,500224
1775423499370,500224
1775423499372,500224
1775423499374,500224
1775423499376,500224
1775423499378,500224
1775423499380,500224
1775423499382,500224
1775423499385,500224
1775423499387,500224
1775423499389,500224
1775423499393,500224
1775423499394,500224
1775423499395,500224
1775423499397,500224
1775423499401,500224
1775423499404,500224
1775423499409,500224
1775423499410,500224
1775423499412,500224
1775423499413,500224
1775423499414,500224
1775423499416,500224
1775423499419,500224
1775423499421,500224
1775423499422,500224
1775423499424,500224
1775423499425,500224
1775423499426,500224
1775423499427,500224
1775423499430,500224
1775423499433,500224
1775423499435,500224
1775423499437,500224
1775423499438,500224
1775423499440,500224
1775423499441,500224
1775423499443,500224
1775423499444,500224
1775423499446,500224
1775423499447,500224
1775423499450,500224
1775423499452,500224
1775423499454,500224
1775423499456,500224
1775423499457,500224
1775423499458,500224
1775423499460,500224
1775423499464,500224
1775423499467,500224
1775423499470,500224
1775423499474,500224
1775423499476,500224
1775423499477,500224
1775423499479,500224
1775423499481,500224
1775423499482,500224
1775423499484,500224
1775423499486,500224
1775423499487,500224
1775423499489,500224
1775423499491,500224
1775423499493,500224
1775423499494,500224
1775423499497,500224
1775423499499,500224
1775423499501,500224
1775423499506,500224
1775423499508,500224
1775423499509,500224
1775423499511,500224
1775423499513,500224
1775423499515,500224
1775423499517,500224
1775423499519,500224
1775423499520,500224
1775423499521,500224
1775423499523,500224
1775423499524,500224
1775423499525,500224
1775423499526,500224
1775423499528,500224
1775423499529,500224
1775423499530,500224
1775423499532,500224
1775423499533,500224
1775423499534,500224
1775423499535,500224
1775423499538,500224
1775423499541,500224
1775423499543,500224
1775423499545,500224
1775423499547,500224
1775423499549,500224
1775423499552,500224
1775423499555,500224
1775423499557,500224
1775423499560,500224
1775423499562,500224
1775423499565,500224
1775423499568,500224
1775423499943,500224
1775423499946,500224
1775423499948,500224
1775423499949,500224
1775423499951,500224
1775423499952,500224
1775423499953,500224
1775423499955,500224
1775423499956,500224
1775423499957,500224
1775423499960,500224
1775423499965,500224
1775423499970,500224
1775423499976,500224
1775423499978,500224
1775423499980,500224
1775423499983,500224
1775423499985,500224
1775423499989,500224
1775423499992,500224
1775423499995,500224
1775423499998,500224
1775423500001,500224
1775423500003,500224
1775423500004,500224
1775423500006,500224
1775423500009,500224
1775423500011,500224
1775423500013,500224
1775423500014,500224
1775423500015,500224
1775423500017,500224
1775423500019,500224
1775423500020,500224
1775423500022,500224
1775423500024,500224
1775423500025,500224
1775423500026,500224
1775423500027,500224
1775423500029,500224
1775423500030,500224
1775423500031,500224
1775423500033,500224
1775423500039,500224
1775423500044,500224
1775423500050,500224
1775423500053,500224
1775423500056,500224
1775423500057,500224
1775423500059,500224
1775423500060,500224
1775423500061,500224
1775423500062,500224
1775423500063,500224
1775423500065,500224
1775423500069,500224
1775423500071,500224
1775423500072,500224
1775423500074,500224
1775423500076,500224
1775423500077,500224
1775423500079,500224
1775423500080,500224
1775423500082,500224
1775423500083,500224
1775423500086,500224
1775423500088,500224
1775423500092,500224
1775423500095,500224
1775423500097,500224
1775423500100,500224
1775423500103,500224
1775423500104,500224
1775423500105,500224
1775423500107,500224
1775423500108,500224
1775423500109,500224
1775423500110,500224
1775423500112,500224
1775423500113,500224
1775423500114,500224
1775423500118,500224
1775423500120,500224
1775423500122,500224
1775423500124,500224
1775423500126,500224
1775423500128,500224
1775423500130,500224
1775423500132,500224
1775423500134,500224
1775423500136,500224
1775423500138,500224
1775423500140,500224
1775423500142,500224
1775423500146,500224
1775423500149,500224
1775423500152,500224
1775423500543,500224
1775423500546,500224
1775423500549,500224
1775423500552,500224
1775423500554,500224
1775423500556,500224
1775423500558,500224
1775423500560,500224
1775423500566,500224
1775423500569,500224
1775423500571,500224
1775423500574,500224
1775423500576,500224
1775423500579,500224
1775423500585,500224
1775423500588,500224
1775423500590,500224
1775423500596,500224
1775423500599,500224
1775423500602,500224
1775423500605,500224
1775423500607,500224
1775423500610,500224
1775423500637,500224
1775423500641,500224
1775423500643,500224
1775423500645,500224
1775423500649,500224
1775423500651,500224
1775423500652,500224
1775423500658,500224
1775423500661,500224
1775423500663,500224
1775423500666,500224
1775423500669,500224
1775423500672,500224
1775423500674,500224
1775423500677,500224
1775423500679,500224
1775423500681,500224
1775423500683,500224
1775423500685,500224
1775423500690,500224
1775423500692,500224
1775423500694,500224
1775423500695,500224
1775423500697,500224
1775423500699,500224
1775423500701,500224
1775423500703,500224
1775423500705,500224
1775423500710,500224
1775423500712,500224
1775423500714,500224
1775423500715,500224
1775423500717,500224
1775423500719,500224
1775423500720,500224
1775423500722,500224
1775423500724,500224
1775423500725,500224
1775423500727,500224
1775423500728,500224
1775423500730,500224
1775423500731,500224
1775423500732,500224
1775423500735,500224
1775423500739,500224
1775423500741,500224
1775423500742,500224
1775423500744,500224
1775423500745,500224
1775423500746,500224
1775423500749,500224
1775423500752,500224
1775423500755,500224
1775423500758,500224
1775423500760,500224
1775423500763,500224
1775423500766,500224
1775423500768,500224
1775423500770,500224
1775423500774,500224
1775423500777,500224
1775423500780,500224
1775423500782,500224
1775423500785,500224
1775423500787,500224
1775423500790,500224
1775423500792,500224
1775423500794,500224
1775423500797,500224
1775423500799,500224
1775423500801,500224
1775423500803,500224
1775423500806,500224
1775423500808,500224
1775423500810,500224
1775423500812,500224
1775423500813,500224
1775423500814,500224
1775423500815,500224
1775423500817,500224
1775423500818,500224
1775423500819,500224
1775423500820,500224
1775423500822,500224
1775423501145,500224
1775423501146,500224
1775423501147,500224
1775423501153,500224
1775423501156,500224
1775423501161,500224
1775423501165,500224
1775423501167,500224
1775423501170,500224
1775423501172,500224
1775423501174,500224
1775423501178,500224
1775423501180,500224
1775423501183,500224
1775423501186,500224
1775423501188,500224
1775423501191,500224
1775423501196,500224
1775423501199,500224
1775423501202,500224
1775423501205,500224
1775423501208,500224
1775423501211,500224
1775423501214,500224
1775423501216,500224
1775423501219,500224
1775423501221,500224
1775423501223,500224
1775423501225,500224
1775423501228,500224
1775423501231,500224
1775423501234,500224
1775423501236,500224
1775423501238,500224
1775423501240,500224
1775423501242,500224
1775423501243,500224
1775423501245,500224
1775423501247,500224
1775423501250,500224
1775423501253,500224
1775423501255,500224
1775423501259,500224
1775423501261,500224
1775423501267,500224
1775423501271,500224
1775423501274,500224
1775423501275,500224
1775423501277,500224
1775423501278,500224
1775423501279,500224
1775423501281,500224
1775423501282,500224
1775423501283,500224
1775423501285,500224
1775423501286,500224
1775423501287,500224
1775423501288,500224
1775423501290,500224
1775423501291,500224
1775423501293,500224
1775423501294,500224
1775423501295,500224
1775423501296,500224
1775423501297,500224
1775423501299,500224
1775423501300,500224
1775423501301,500224
1775423501303,500224
1775423501304,500224
1775423501305,500224
1775423501307,500224
1775423501308,500224
1775423501309,500224
1775423501311,500224
1775423501312,500224
1775423501313,500224
1775423501314,500224
1775423501316,500224
1775423501317,500224
1775423501318,500224
1775423501319,500224
1775423501321,500224
1775423501322,500224
1775423501323,500224
1775423501324,500224
1775423501326,500224
1775423501327,500224
1775423501328,500224
1775423501329,500224
1775423501333,500224
1775423501338,500224
1775423501341,500224
1775423501346,500224
1775423501349,500224
1775423501351,500224
1775423501352,500224
1775423501354,500224
1775423501746,500224
1775423501748,500224
1775423501750,500224
1775423501752,500224
1775423501754,500224
1775423501756,500224
1775423501758,500224
1775423501760,500224
1775423501761,500224
1775423501763,500224
1775423501765,500224
1775423501768,500224
1775423501770,500224
1775423501773,500224
1775423501775,500224
1775423501777,500224
1775423501781,500224
1775423501783,500224
1775423501787,500224
1775423501790,500224
1775423501793,500224
1775423501797,500224
1775423501800,500224
1775423501803,500224
1775423501805,500224
1775423501807,500224
1775423501809,500224
1775423501810,500224
1775423501812,500224
1775423501816,500224
1775423501818,500224
1775423501821,500224
1775423501823,500224
1775423501825,500224
1775423501827,500224
1775423501830,500224
1775423501832,500224
1775423501834,500224
1775423501836,500224
1775423501838,500224
1775423501840,500224
1775423501842,500224
1775423501844,500224
1775423501847,500224
1775423501850,500224
1775423501852,500224
1775423501854,500224
1775423501859,500224
1775423501863,500224
1775423501865,500224
1775423501867,500224
1775423501869,500224
1775423501870,500224
1775423501872,500224
1775423501873,500224
1775423501876,500224
1775423501879,500224
1775423501881,500224
1775423501884,500224
1775423501886,500224
1775423501888,500224
1775423501891,500224
1775423501893,500224
1775423501897,500224
1775423501900,500224
1775423501902,500224
1775423501904,500224
1775423501907,500224
1775423501910,500224
1775423501912,500224
1775423501913,500224
1775423501914,500224
1775423501915,500224
1775423501917,500224
1775423501918,500224
1775423501919,500224
1775423501920,500224
1775423501922,500224
1775423501923,500224
1775423501924,500224
1775423501925,500224
1775423501927,500224
1775423501928,500224
1775423501929,500224
1775423501930,500224
1775423501933,500224
1775423501936,500224
1775423501938,500224
1775423501941,500224
1775423501943,500224
1775423501944,500224
1775423501946,500224
1775423501947,500224
1775423501949,500224
1775423501950,500224
1775423501951,500224
1775423501952,500224
1775423501954,500224
1775423501955,500224
1775423501956,500224
1775423501957,500224
1775423501959,500224
1775423501960,500224
1775423502347,500224
1775423502350,500224
1775423502355,500224
1775423502358,500224
1775423502361,500224
1775423502364,500224
1775423502367,500224
1775423502369,500224
1775423502373,500224
1775423502376,500224
1775423502378,500224
1775423502380,500224
1775423502382,500224
1775423502384,500224
1775423502386,500224
1775423502389,500224
1775423502391,500224
1775423502393,500224
1775423502394,500224
1775423502396,500224
1775423502398,500224
1775423502400,500224
1775423502401,500224
1775423502403,500224
1775423502404,500224
1775423502406,500224
1775423502407,500224
1775423502409,500224
1775423502410,500224
1775423502411,500224
1775423502413,500224
1775423502414,500224
1775423502415,500224
1775423502417,500224
1775423502418,500224
1775423502422,500224
1775423502424,500224
1775423502427,500224
1775423502428,500224
1775423502430,500224
1775423502431,500224
1775423502432,500224
1775423502434,500224
1775423502435,500224
1775423502436,500224
1775423502439,500224
1775423502440,500224
1775423502441,500224
1775423502446,500224
1775423502450,500224
1775423502452,500224
1775423502455,500224
1775423502457,500224
1775423502460,500224
1775423502462,500224
1775423502464,500224
1775423502466,500224
1775423502469,500224
1775423502471,500224
1775423502473,500224
1775423502475,500224
1775423502477,500224
1775423502479,500224
1775423502481,500224
1775423502485,500224
1775423502486,500224
1775423502488,500224
1775423502490,500224
1775423502491,500224
1775423502493,500224
1775423502494,500224
1775423502496,500224
1775423502499,500224
1775423502501,500224
1775423502503,500224
1775423502507,500224
1775423502510,500224
1775423502512,500224
1775423502515,500224
1775423502517,500224
1775423502519,500224
1775423502522,500224
1775423502525,500224
1775423502528,500224
1775423502531,500224
1775423502534,500224
1775423502536,500224
1775423502538,500224
1775423502539,500224
1775423502541,500224
1775423502544,500224
1775423502545,500224
1775423502547,500224
1775423502549,500224
1775423502551,500224
1775423502552,500224
1775423502554,500224
1775423502560,500224
1775423502563,500224
1775423502569,500224
1775423502572,500224
1775423502574,500224
1775423502577,500224
1775423502580,500224
1775423502582,500224
1775423502584,500224
1775423502586,500224
1775423502589,500224
1775423502592,500224
1775423502594,500224
1775423502597,500224
1775423502600,500224
1775423502602,500224
1775423502604,500224
1775423502607,500224
1775423502609,500224
1775423502611,500224
1775423502612,500224
1775423502946,500224
1775423502948,500224
1775423502950,500224
1775423502952,500224
1775423502960,500224
1775423502962,500224
1775423502964,500224
1775423502965,500224
1775423502968,500224
1775423502971,500224
1775423502973,500224
1775423502976,500224
1775423502979,500224
1775423502980,500224
1775423502984,500224
1775423502987,500224
1775423502990,500224
1775423502992,500224
1775423502996,500224
1775423503000,500224
1775423503003,500224
1775423503007,500224
1775423503010,500224
1775423503013,500224
1775423503016,500224
1775423503019,500224
1775423503022,500224
1775423503024,500224
1775423503026,500224
1775423503028,500224
1775423503029,500224
1775423503031,500224
1775423503033,500224
1775423503035,500224
1775423503037,500224
1775423503039,500224
1775423503043,500224
1775423503045,500224
1775423503047,500224
1775423503049,500224
1775423503051,500224
1775423503053,500224
1775423503055,500224
1775423503057,500224
1775423503058,500224
1775423503061,500224
1775423503062,500224
1775423503064,500224
1775423503065,500224
1775423503067,500224
1775423503068,500224
1775423503069,500224
1775423503070,500224
1775423503072,500224
1775423503073,500224
1775423503074,500224
1775423503076,500224
1775423503077,500224
1775423503079,500224
1775423503080,500224
1775423503082,500224
1775423503083,500224
1775423503084,500224
1775423503087,500224
1775423503090,500224
1775423503092,500224
1775423503095,500224
1775423503098,500224
1775423503100,500224
1775423503103,500224
1775423503106,500224
1775423503108,500224
1775423503111,500224
1775423503113,500224
1775423503115,500224
1775423503118,500224
1775423503122,500224
1775423503124,500224
1775423503126,500224
1775423503128,500224
1775423503130,500224
1775423503131,500224
1775423503133,500224
1775423503134,500224
1775423503136,500224
1775423503138,500224
1775423503139,500224
1775423503141,500224
1775423503143,500224
1775423503144,500224
1775423503146,500224
1775423503147,500224
1775423503149,500224
1775423503151,500224
1775423503152,500224
1775423503154,500224
1775423503155,500224
1775423503157,500224
1775423503159,500224
1775423503162,500224
1775423503165,500224
1775423503168,500224
1775423503170,500224
1775423503546,500224
1775423503549,500224
1775423503551,500224
1775423503553,500224
1775423503554,500224
1775423503558,500224
1775423503560,500224
1775423503562,500224
1775423503564,500224
1775423503566,500224
1775423503568,500224
1775423503570,500224
1775423503572,500224
1775423503573,500224
1775423503575,500224
1775423503577,500224
1775423503579,500224
1775423503580,500224
1775423503582,500224
1775423503583,500224
1775423503585,500224
1775423503586,500224
1775423503589,500224
1775423503594,500224
1775423503596,500224
1775423503598,500224
1775423503600,500224
1775423503602,500224
1775423503605,500224
1775423503608,500224
1775423503611,500224
1775423503613,500224
1775423503616,500224
1775423503618,500224
1775423503621,500224
1775423503624,500224
1775423503625,500224
1775423503627,500224
1775423503628,500224
1775423503631,500224
1775423503632,500224
1775423503635,500224
1775423503639,500224
1775423503642,500224
1775423503644,500224
1775423503647,500224
1775423503651,500224
1775423503654,500224
1775423503660,500224
1775423503665,500224
1775423503668,500224
1775423503672,500224
1775423503673,500224
1775423503675,500224
1775423503676,500224
1775423503678,500224
1775423503679,500224
1775423503680,500224
1775423503682,500224
1775423503683,500224
1775423503686,500224
1775423503688,500224
1775423503690,500224
1775423503691,500224
1775423503694,500224
1775423503695,500224
1775423503697,500224
1775423503700,500224
1775423503703,500224
1775423503705,500224
1775423503707,500224
1775423503709,500224
1775423503711,500224
1775423503714,500224
1775423503716,500224
1775423503718,500224
1775423503720,500224
1775423503722,500224
1775423503723,500224
1775423503725,500224
1775423503727,500224
1775423503729,500224
1775423503730,500224
1775423503732,500224
1775423503735,500224
1775423503739,500224
1775423503744,500224
1775423503745,500224
1775423503747,500224
1775423503748,500224
1775423503749,500224
1775423503751,500224
1775423503752,500224
1775423503753,500224
1775423503755,500224
1775423503756,500224
1775423503757,500224
1775423504147,500224
1775423504149,500224
1775423504150,500224
1775423504152,500224
1775423504153,500224
1775423504155,500224
1775423504157,500224
1775423504159,500224
1775423504161,500224
1775423504163,500224
1775423504164,500224
1775423504166,500224
1775423504167,500224
1775423504169,500224
1775423504170,500224
1775423504171,500224
1775423504175,500224
1775423504178,500224
1775423504179,500224
1775423504181,500224
1775423504183,500224
1775423504185,500224
1775423504187,500224
1775423504188,500224
1775423504190,500224
1775423504194,500224
1775423504197,500224
1775423504199,500224
1775423504201,500224
1775423504204,500224
1775423504207,500224
1775423504209,500224
1775423504211,500224
1775423504212,500224
1775423504214,500224
1775423504216,500224
1775423504218,500224
1775423504220,500224
1775423504228,500224
1775423504231,500224
1775423504238,500224
1775423504239,500224
1775423504244,500224
1775423504247,500224
1775423504250,500224
1775423504252,500224
1775423504255,500224
1775423504258,500224
1775423504260,500224
1775423504263,500224
1775423504265,500224
1775423504267,500224
1775423504269,500224
1775423504271,500224
1775423504273,500224
1775423504275,500224
1775423504281,500224
1775423504284,500224
1775423504287,500224
1775423504290,500224
1775423504293,500224
1775423504295,500224
1775423504298,500224
1775423504301,500224
1775423504303,500224
1775423504306,500224
1775423504309,500224
1775423504311,500224
1775423504314,500224
1775423504316,500224
1775423504318,500224
1775423504320,500224
1775423504322,500224
1775423504324,500224
1775423504326,500224
1775423504327,500224
1775423504330,500224
1775423504333,500224
1775423504334,500224
1775423504335,500224
1775423504337,500224
1775423504338,500224
1775423504339,500224
1775423504341,500224
1775423504342,500224
1775423504343,500224
1775423504344,500224
1775423504346,500224
1775423504352,500224
1775423504752,500224
1775423504756,500224
1775423504759,500224
1775423504762,500224
1775423504764,500224
1775423504767,500224
1775423504770,500224
1775423504772,500224
1775423504775,500224
1775423504778,500224
1775423504781,500224
1775423504784,500224
1775423504789,500224
1775423504791,500224
1775423504792,500224
1775423504795,500224
1775423504796,500224
1775423504798,500224
1775423504800,500224
1775423504802,500224
1775423504804,500224
1775423504806,500224
1775423504808,500224
1775423504810,500224
1775423504811,500224
1775423504816,500224
1775423504819,500224
1775423504820,500224
1775423504822,500224
1775423504823,500224
1775423504824,500224
1775423504826,500224
1775423504827,500224
1775423504828,500224
1775423504836,500224
1775423504839,500224
1775423504843,500224
1775423504846,500224
1775423504848,500224
1775423504852,500224
1775423504854,500224
1775423504856,500224
1775423504859,500224
1775423504861,500224
1775423504864,500224
1775423504867,500224
1775423504869,500224
1775423504872,500224
1775423504874,500224
1775423504877,500224
1775423504880,500224
1775423504882,500224
1775423504885,500224
1775423504888,500224
1775423504889,500224
1775423504891,500224
1775423504892,500224
1775423504893,500224
1775423504894,500224
1775423504896,500224
1775423504897,500224
1775423504900,500224
1775423504903,500224
1775423504905,500224
1775423504908,500224
1775423504911,500224
1775423504913,500224
1775423504914,500224
1775423504917,500224
1775423504920,500224
1775423504923,500224
1775423504926,500224
1775423504929,500224
1775423504932,500224
1775423504935,500224
1775423504937,500224
1775423504940,500224
1775423504943,500224
1775423504945,500224
1775423504948,500224
1775423504950,500224
1775423504952,500224
1775423504954,500224
1775423504956,500224
1775423504957,500224
1775423505349,500224
1775423505351,500224
1775423505353,500224
1775423505356,500224
1775423505360,500224
1775423505363,500224
1775423505367,500224
1775423505369,500224
1775423505370,500224
1775423505372,500224
1775423505374,500224
1775423505375,500224
1775423505376,500224
1775423505378,500224
1775423505379,500224
1775423505382,500224
1775423505383,500224
1775423505385,500224
1775423505386,500224
1775423505394,500224
1775423505396,500224
1775423505397,500224
1775423505403,500224
1775423505405,500224
1775423505406,500224
1775423505408,500224
1775423505410,500224
1775423505412,500224
1775423505413,500224
1775423505415,500224
1775423505416,500224
1775423505418,500224
1775423505419,500224
1775423505421,500224
1775423505422,500224
1775423505425,500224
1775423505427,500224
1775423505428,500224
1775423505429,500224
1775423505430,500224
1775423505431,500224
1775423505433,500224
1775423505434,500224
1775423505435,500224
1775423505436,500224
1775423505438,500224
1775423505439,500224
1775423505440,500224
1775423505442,500224
1775423505443,500224
1775423505445,500224
1775423505449,500224
1775423505452,500224
1775423505456,500224
1775423505464,500224
1775423505466,500224
1775423505467,500224
1775423505468,500224
1775423505476,500224
1775423505480,500224
1775423505486,500224
1775423505492,500224
1775423505496,500224
1775423505498,500224
1775423505500,500224
1775423505502,500224
1775423505504,500224
1775423505506,500224
1775423505508,500224
1775423505510,500224
1775423505512,500224
1775423505514,500224
1775423505515,500224
1775423505517,500224
1775423505518,500224
1775423505520,500224
1775423505521,500224
1775423505522,500224
1775423505524,500224
1775423505526,500224
1775423505528,500224
1775423505529,500224
1775423505530,500224
1775423505533,500224
1775423505534,500224
1775423505536,500224
1775423505538,500224
1775423505541,500224
1775423505544,500224
1775423505547,500224
1775423505549,500224
1775423505552,500224
1775423505554,500224
1775423505556,500224
1775423505559,500224
1775423505949,500224
1775423505957,500224
1775423505958,500224
1775423505960,500224
1775423505961,500224
1775423505962,500224
1775423505964,500224
1775423505965,500224
1775423505966,500224
1775423505967,500224
1775423505969,500224
1775423505971,500224
1775423505972,500224
1775423505974,500224
1775423505976,500224
1775423505977,500224
1775423505979,500224
1775423505981,500224
1775423505984,500224
1775423505989,500224
1775423505990,500224
1775423505993,500224
1775423505995,500224
1775423505996,500224
1775423505998,500224
1775423505999,500224
1775423506000,500224
1775423506005,500224
1775423506007,500224
1775423506010,500224
1775423506013,500224
1775423506015,500224
1775423506017,500224
1775423506019,500224
1775423506021,500224
1775423506023,500224
1775423506027,500224
1775423506030,500224
1775423506032,500224
1775423506037,500224
1775423506040,500224
1775423506043,500224
1775423506046,500224
1775423506049,500224
1775423506051,500224
1775423506053,500224
1775423506054,500224
1775423506056,500224
1775423506058,500224
1775423506061,500224
1775423506064,500224
1775423506066,500224
1775423506067,500224
1775423506068,500224
1775423506070,500224
1775423506071,500224
1775423506072,500224
1775423506073,500224
1775423506075,500224
1775423506076,500224
1775423506077,500224
1775423506078,500224
1775423506080,500224
1775423506081,500224
1775423506082,500224
1775423506084,500224
1775423506086,500224
1775423506088,500224
1775423506090,500224
1775423506092,500224
1775423506094,500224
1775423506096,500224
1775423506104,500224
1775423506112,500224
1775423506115,500224
1775423506117,500224
1775423506120,500224
1775423506123,500224
1775423506125,500224
1775423506128,500224
1775423506130,500224
1775423506133,500224
1775423506135,500224
1775423506137,500224
1775423506139,500224
1775423506142,500224
1775423506144,500224
1775423506146,500224
1775423506148,500224
1775423506158,500224
1775423506162,500224
1775423506165,500224
1775423506168,500224
1775423506170,500224
1775423506172,500224
1775423506175,500224
1775423506178,500224
1775423506181,500224
1775423506184,500224
1775423506187,500224
1775423506189,500224
1775423506192,500224
1775423506194,500224
1775423506197,500224
1775423506198,500224
1775423506200,500224
1775423506201,500224
1775423506203,500224
1775423506205,500224
1775423506206,500224
1775423506208,500224
1775423506209,500224
1775423506211,500224
1775423506212,500224
1775423506552,500224
1775423506556,500224
1775423506558,500224
1775423506560,500224
1775423506563,500224
1775423506566,500224
1775423506569,500224
1775423506572,500224
1775423506575,500224
1775423506578,500224
1775423506580,500224
1775423506582,500224
1775423506585,500224
1775423506587,500224
1775423506590,500224
1775423506593,500224
1775423506595,500224
1775423506596,500224
1775423506598,500224
1775423506599,500224
1775423506600,500224
1775423506602,500224
1775423506603,500224
1775423506605,500224
1775423506606,500224
1775423506607,500224
1775423506609,500224
1775423506611,500224
1775423506614,500224
1775423506617,500224
1775423506620,500224
1775423506623,500224
1775423506626,500224
1775423506628,500224
1775423506631,500224
1775423506634,500224
1775423506636,500224
1775423506638,500224
1775423506639,500224
1775423506642,500224
1775423506644,500224
1775423506646,500224
1775423506647,500224
1775423506648,500224
1775423506649,500224
1775423506651,500224
1775423506652,500224
1775423506653,500224
1775423506658,500224
1775423506663,500224
1775423506666,500224
1775423506668,500224
1775423506671,500224
1775423506674,500224
1775423506676,500224
1775423506679,500224
1775423506681,500224
1775423506684,500224
1775423506686,500224
1775423506689,500224
1775423506693,500224
1775423506697,500224
1775423506699,500224
1775423506701,500224
1775423506702,500224
1775423506704,500224
1775423506705,500224
1775423506707,500224
1775423506708,500224
1775423506710,500224
1775423506711,500224
1775423506714,500224
1775423506715,500224
1775423506718,500224
1775423506719,500224
1775423506720,500224
1775423506721,500224
1775423506723,500224
1775423506724,500224
1775423506725,500224
1775423506727,500224
1775423506730,500224
1775423506732,500224
1775423506735,500224
1775423506738,500224
1775423506740,500224
1775423506743,500224
1775423506746,500224
1775423506748,500224
1775423506750,500224
1775423506753,500224
1775423506756,500224
1775423506759,500224
1775423506761,500224
1775423506764,500224
1775423506767,500224
1775423506771,500224
1775423506774,500224
1775423506777,500224
1775423506779,500224
1775423506782,500224
1775423507151,500224
1775423507154,500224
1775423507156,500224
1775423507158,500224
1775423507160,500224
1775423507162,500224
1775423507169,500224
1775423507172,500224
1775423507174,500224
1775423507177,500224
1775423507179,500224
1775423507181,500224
1775423507183,500224
1775423507185,500224
1775423507187,500224
1775423507188,500224
1775423507190,500224
1775423507192,500224
1775423507194,500224
1775423507195,500224
1775423507196,500224
1775423507200,500224
1775423507202,500224
1775423507203,500224
1775423507206,500224
1775423507207,500224
1775423507208,500224
1775423507210,500224
1775423507211,500224
1775423507223,500224
1775423507225,500224
1775423507226,500224
1775423507228,500224
1775423507229,500224
1775423507232,500224
1775423507238,500224
1775423507241,500224
1775423507244,500224
1775423507247,500224
1775423507249,500224
1775423507252,500224
1775423507254,500224
1775423507256,500224
1775423507259,500224
1775423507260,500224
1775423507262,500224
1775423507264,500224
1775423507266,500224
1775423507268,500224
1775423507272,500224
1775423507275,500224
1775423507276,500224
1775423507278,500224
1775423507280,500224
1775423507283,500224
1775423507286,500224
1775423507289,500224
1775423507290,500224
1775423507292,500224
1775423507294,500224
1775423507296,500224
1775423507298,500224
1775423507300,500224
1775423507303,500224
1775423507306,500224
1775423507308,500224
1775423507311,500224
1775423507313,500224
1775423507315,500224
1775423507317,500224
1775423507319,500224
1775423507321,500224
1775423507328,500224
1775423507331,500224
1775423507334,500224
1775423507335,500224
1775423507337,500224
1775423507339,500224
1775423507340,500224
1775423507342,500224
1775423507344,500224
1775423507345,500224
1775423507347,500224
1775423507348,500224
1775423507350,500224
1775423507352,500224
1775423507353,500224
1775423507354,500224
1775423507356,500224
1775423507357,500224
1775423507358,500224
1775423507359,500224
1775423507360,500224
1775423507362,500224
1775423507363,500224
1775423507752,500224
1775423507754,500224
1775423507755,500224
1775423507757,500224
1775423507758,500224
1775423507760,500224
1775423507763,500224
1775423507766,500224
1775423507769,500224
1775423507771,500224
1775423507774,500224
1775423507777,500224
1775423507779,500224
1775423507782,500224
1775423507783,500224
1775423507784,500224
1775423507786,500224
1775423507787,500224
1775423507788,500224
1775423507789,500224
1775423507791,500224
1775423507792,500224
1775423507793,500224
1775423507794,500224
1775423507796,500224
1775423507804,500224
1775423507808,500224
1775423507811,500224
1775423507814,500224
1775423507816,500224
1775423507819,500224
1775423507822,500224
1775423507824,500224
1775423507828,500224
1775423507830,500224
1775423507835,500224
1775423507838,500224
1775423507840,500224
1775423507843,500224
1775423507845,500224
1775423507848,500224
1775423507850,500224
1775423507852,500224
1775423507855,500224
1775423507857,500224
1775423507860,500224
1775423507862,500224
1775423507865,500224
1775423507868,500224
1775423507870,500224
1775423507873,500224
1775423507875,500224
1775423507878,500224
1775423507880,500224
1775423507882,500224
1775423507884,500224
1775423507886,500224
1775423507888,500224
1775423507890,500224
1775423507892,500224
1775423507895,500224
1775423507896,500224
1775423507897,500224
1775423507899,500224
1775423507900,500224
1775423507901,500224
1775423507903,500224
1775423507904,500224
1775423507905,500224
1775423507907,500224
1775423507908,500224
1775423507910,500224
1775423507911,500224
1775423507913,500224
1775423507914,500224
1775423507916,500224
1775423507917,500224
1775423507919,500224
1775423507921,500224
1775423507924,500224
1775423507926,500224
1775423507928,500224
1775423507930,500224
1775423507932,500224
1775423507934,500224
1775423507936,500224
1775423507937,500224
1775423507941,500224
1775423507945,500224
1775423507948,500224
1775423507950,500224
1775423507953,500224
1775423507955,500224
1775423507959,500224
1775423507962,500224
1775423507965,500224
1775423507968,500224
1775423507970,500224
1775423507973,500224
1775423507975,500224
1775423507979,500224
1775423507980,500224
1775423507982,500224
1775423507984,500224
1775423507985,500224
1775423507987,500224
1775423507988,500224
1775423507990,500224
1775423507991,500224
1775423508354,500224
1775423508356,500224
1775423508362,500224
1775423508364,500224
1775423508366,500224
1775423508367,500224
1775423508372,500224
1775423508374,500224
1775423508376,500224
1775423508377,500224
1775423508379,500224
1775423508381,500224
1775423508386,500224
1775423508390,500224
1775423508393,500224
1775423508396,500224
1775423508399,500224
1775423508402,500224
1775423508404,500224
1775423508407,500224
1775423508409,500224
1775423508412,500224
1775423508418,500224
1775423508421,500224
1775423508425,500224
1775423508427,500224
1775423508428,500224
1775423508430,500224
1775423508431,500224
1775423508432,500224
1775423508434,500224
1775423508437,500224
1775423508440,500224
1775423508443,500224
1775423508446,500224
1775423508449,500224
1775423508451,500224
1775423508454,500224
1775423508457,500224
1775423508459,500224
1775423508462,500224
1775423508465,500224
1775423508467,500224
1775423508470,500224
1775423508472,500224
1775423508475,500224
1775423508477,500224
1775423508480,500224
1775423508482,500224
1775423508484,500224
1775423508486,500224
1775423508488,500224
1775423508490,500224
1775423508492,500224
1775423508494,500224
1775423508495,500224
1775423508497,500224
1775423508499,500224
1775423508500,500224
1775423508502,500224
1775423508503,500224
1775423508504,500224
1775423508506,500224
1775423508507,500224
1775423508514,500224
1775423508516,500224
1775423508518,500224
1775423508519,500224
1775423508521,500224
1775423508523,500224
1775423508524,500224
1775423508526,500224
1775423508529,500224
1775423508532,500224
1775423508535,500224
1775423508536,500224
1775423508538,500224
1775423508539,500224
1775423508540,500224
1775423508541,500224
1775423508543,500224
1775423508544,500224
1775423508545,500224
1775423508547,500224
1775423508548,500224
1775423508549,500224
1775423508551,500224
1775423508552,500224
1775423508554,500224
1775423508555,500224
1775423508557,500224
1775423508558,500224
1775423508560,500224
1775423508561,500224
1775423508562,500224
1775423508564,500224
1775423508565,500224
1775423508566,500224
1775423508567,500224
1775423508569,500224
1775423508570,500224
1775423508571,500224
1775423508572,500224
1775423508574,500224
1775423508575,500224
1775423508576,500224
1775423508967,500224
1775423508974,500224
1775423508977,500224
1775423508980,500224
1775423508982,500224
1775423508985,500224
1775423508988,500224
1775423508991,500224
1775423508993,500224
1775423508996,500224
1775423508999,500224
1775423509005,500224
1775423509007,500224
1775423509008,500224
1775423509009,500224
1775423509013,500224
1775423509016,500224
1775423509022,500224
1775423509023,500224
1775423509025,500224
1775423509026,500224
1775423509027,500224
1775423509028,500224
1775423509030,500224
1775423509031,500224
1775423509033,500224
1775423509037,500224
1775423509039,500224
1775423509041,500224
1775423509043,500224
1775423509045,500224
1775423509047,500224
1775423509049,500224
1775423509051,500224
1775423509054,500224
1775423509056,500224
1775423509058,500224
1775423509060,500224
1775423509062,500224
1775423509065,500224
1775423509067,500224
1775423509068,500224
1775423509071,500224
1775423509072,500224
1775423509073,500224
1775423509076,500224
1775423509077,500224
1775423509078,500224
1775423509081,500224
1775423509082,500224
1775423509084,500224
1775423509086,500224
1775423509089,500224
1775423509092,500224
1775423509094,500224
1775423509096,500224
1775423509099,500224
1775423509101,500224
1775423509103,500224
1775423509105,500224
1775423509107,500224
1775423509109,500224
1775423509110,500224
1775423509111,500224
1775423509112,500224
1775423509116,500224
1775423509118,500224
1775423509120,500224
1775423509121,500224
1775423509122,500224
1775423509123,500224
1775423509125,500224
1775423509126,500224
1775423509127,500224
1775423509128,500224
1775423509130,500224
1775423509131,500224
1775423509133,500224
1775423509136,500224
1775423509139,500224
1775423509146,500224
1775423509147,500224
1775423509149,500224
1775423509156,500224
1775423509157,500224
1775423509158,500224
1775423509159,500224
1775423509161,500224
1775423509164,500224
1775423509167,500224
1775423509170,500224
1775423509172,500224
1775423509175,500224
1775423509178,500224
1775423509183,500224
1775423509186,500224
1775423509188,500224
1775423509191,500224
1775423509194,500224
1775423509196,500224
1775423509199,500224
1775423509203,500224
1775423509205,500224
1775423509207,500224
1775423509208,500224
1775423509210,500224
1775423509554,500224
1775423509556,500224
1775423509557,500224
1775423509559,500224
1775423509566,500224
1775423509571,500224
1775423509573,500224
1775423509575,500224
1775423509577,500224
1775423509579,500224
1775423509581,500224
1775423509583,500224
1775423509584,500224
1775423509586,500224
1775423509589,500224
1775423509591,500224
1775423509593,500224
1775423509595,500224
1775423509597,500224
1775423509599,500224
1775423509601,500224
1775423509603,500224
1775423509605,500224
1775423509607,500224
1775423509613,500224
1775423509619,500224
1775423509622,500224
1775423509628,500224
1775423509632,500224
1775423509635,500224
1775423509637,500224
1775423509638,500224
1775423509640,500224
1775423509641,500224
1775423509643,500224
1775423509644,500224
1775423509646,500224
1775423509647,500224
1775423509649,500224
1775423509651,500224
1775423509652,500224
1775423509654,500224
1775423509656,500224
1775423509657,500224
1775423509659,500224
1775423509660,500224
1775423509662,500224
1775423509664,500224
1775423509666,500224
1775423509667,500224
1775423509669,500224
1775423509670,500224
1775423509671,500224
1775423509672,500224
1775423509674,500224
1775423509675,500224
1775423509677,500224
1775423509679,500224
1775423509681,500224
1775423509683,500224
1775423509685,500224
1775423509686,500224
1775423509688,500224
1775423509692,500224
1775423509696,500224
1775423509698,500224
1775423509701,500224
1775423509704,500224
1775423509706,500224
1775423509709,500224
1775423509712,500224
1775423509725,500224
1775423509727,500224
1775423509730,500224
1775423509733,500224
1775423509735,500224
1775423509738,500224
1775423509741,500224
1775423509744,500224
1775423509746,500224
1775423509749,500224
1775423509751,500224
1775423509754,500224
1775423509755,500224
1775423509756,500224
1775423509759,500224
1775423509761,500224
1775423509763,500224
1775423509765,500224
1775423509767,500224
1775423509768,500224
1775423509770,500224
1775423509772,500224
1775423509774,500224
1775423509775,500224
1775423509777,500224
1775423509778,500224
1775423509780,500224
1775423509781,500224
1775423509782,500224
1775423509784,500224
1775423509785,500224
1775423509786,500224
1775423509788,500224
1775423509789,500224
1775423509790,500224
1775423510163,500224
1775423510168,500224
1775423510171,500224
1775423510174,500224
1775423510177,500224
1775423510179,500224
1775423510182,500224
1775423510185,500224
1775423510187,500224
1775423510190,500224
1775423510192,500224
1775423510194,500224
1775423510197,500224
1775423510200,500224
1775423510203,500224
1775423510205,500224
1775423510208,500224
1775423510211,500224
1775423510213,500224
1775423510216,500224
1775423510219,500224
1775423510221,500224
1775423510224,500224
1775423510226,500224
1775423510228,500224
1775423510231,500224
1775423510233,500224
1775423510234,500224
1775423510236,500224
1775423510239,500224
1775423510246,500224
1775423510249,500224
1775423510251,500224
1775423510253,500224
1775423510255,500224
1775423510257,500224
1775423510258,500224
1775423510260,500224
1775423510261,500224
1775423510263,500224
1775423510264,500224
1775423510266,500224
1775423510267,500224
1775423510269,500224
1775423510270,500224
1775423510271,500224
1775423510273,500224
1775423510275,500224
1775423510278,500224
1775423510280,500224
1775423510281,500224
1775423510283,500224
1775423510284,500224
1775423510287,500224
1775423510289,500224
1775423510293,500224
1775423510296,500224
1775423510298,500224
1775423510300,500224
1775423510301,500224
1775423510304,500224
1775423510307,500224
1775423510311,500224
1775423510313,500224
1775423510316,500224
1775423510319,500224
1775423510320,500224
1775423510322,500224
1775423510323,500224
1775423510324,500224
1775423510326,500224
1775423510327,500224
1775423510328,500224
1775423510329,500224
1775423510331,500224
1775423510332,500224
1775423510333,500224
1775423510334,500224
1775423510336,500224
1775423510337,500224
1775423510791,500224
1775423510793,500224
1775423510796,500224
1775423510799,500224
1775423510801,500224
1775423510805,500224
1775423510809,500224
1775423510814,500224
1775423510817,500224
1775423510821,500224
1775423510824,500224
1775423510827,500224
1775423510830,500224
1775423510832,500224
1775423510835,500224
1775423510840,500224
1775423510843,500224
1775423510846,500224
1775423510849,500224
1775423510852,500224
1775423510853,500224
1775423510857,500224
1775423510859,500224
1775423510861,500224
1775423510863,500224
1775423510865,500224
1775423510867,500224
1775423510868,500224
1775423510872,500224
1775423510874,500224
1775423510876,500224
1775423510878,500224
1775423510880,500224
1775423510882,500224
1775423510884,500224
1775423510885,500224
1775423510887,500224
1775423510889,500224
1775423510890,500224
1775423510892,500224
1775423510893,500224
1775423510895,500224
1775423510896,500224
1775423510898,500224
1775423510899,500224
1775423510900,500224
1775423510904,500224
1775423510907,500224
1775423510910,500224
1775423510911,500224
1775423510912,500224
1775423510914,500224
1775423510915,500224
1775423510916,500224
1775423510917,500224
1775423510918,500224
1775423510920,500224
1775423510921,500224
1775423510922,500224
1775423510923,500224
1775423510925,500224
1775423510926,500224
1775423510927,500224
1775423510936,500224
1775423510938,500224
1775423510941,500224
1775423510948,500224
1775423510949,500224
1775423510950,500224
1775423510952,500224
1775423510953,500224
1775423510954,500224
1775423510955,500224
1775423510957,500224
1775423510959,500224
1775423510960,500224
1775423510962,500224
1775423510963,500224
1775423510964,500224
1775423510965,500224
1775423510967,500224
1775423510968,500224
1775423510969,500224
1775423510972,500224
1775423510973,500224
1775423510975,500224
1775423510980,500224
1775423510981,500224
1775423510990,500224
1775423510994,500224
1775423510998,500224
1775423511002,500224
1775423511010,500224
1775423511011,500224
1775423511013,500224
1775423511015,500224
1775423511016,500224
1775423511017,500224
1775423511019,500224
1775423511020,500224
1775423511021,500224
1775423511022,500224
1775423511024,500224
1775423511025,500224
1775423511028,500224
1775423511029,500224
1775423511031,500224
1775423511032,500224
1775423511033,500224
1775423511034,500224
1775423511036,500224
1775423511037,500224
1775423511038,500224
1775423511039,500224
1775423511040,500224
1775423511042,500224
1775423511044,500224
1775423511047,500224
1775423511050,500224
1775423511053,500224
1775423511056,500224
1775423511058,500224
1775423511060,500224
1775423511062,500224
1775423511445,500224
1775423511448,500224
1775423511451,500224
1775423511454,500224
1775423511456,500224
1775423511459,500224
1775423511461,500224
1775423511463,500224
1775423511464,500224
1775423511466,500224
1775423511467,500224
1775423511469,500224
1775423511470,500224
1775423511474,500224
1775423511475,500224
1775423511482,500224
1775423511483,500224
1775423511485,500224
1775423511486,500224
1775423511488,500224
1775423511489,500224
1775423511491,500224
1775423511492,500224
1775423511494,500224
1775423511495,500224
1775423511497,500224
1775423511499,500224
1775423511500,500224
1775423511502,500224
1775423511503,500224
1775423511506,500224
1775423511509,500224
1775423511512,500224
1775423511514,500224
1775423511516,500224
1775423511518,500224
1775423511519,500224
1775423511520,500224
1775423511521,500224
1775423511526,500224
1775423511529,500224
1775423511531,500224
1775423511533,500224
1775423511535,500224
1775423511538,500224
1775423511540,500224
1775423511543,500224
1775423511545,500224
1775423511547,500224
1775423511549,500224
1775423511551,500224
1775423511553,500224
1775423511555,500224
1775423511557,500224
1775423511560,500224
1775423511561,500224
1775423511563,500224
1775423511565,500224
1775423511566,500224
1775423511568,500224
1775423511570,500224
1775423511571,500224
1775423511573,500224
1775423511574,500224
1775423511576,500224
1775423511577,500224
1775423511581,500224
1775423511585,500224
1775423511588,500224
1775423511590,500224
1775423511592,500224
1775423511597,500224
1775423511600,500224
1775423511603,500224
1775423511605,500224
1775423511608,500224
1775423511611,500224
1775423511613,500224
1775423511616,500224
1775423511618,500224
1775423511620,500224
1775423511622,500224
1775423511624,500224
1775423511627,500224
1775423511628,500224
1775423511630,500224
1775423511632,500224
1775423511634,500224
1775423511636,500224
1775423511638,500224
1775423511640,500224
1775423511641,500224
1775423511643,500224
1775423511644,500224
1775423511645,500224
1775423511647,500224
1775423511649,500224
1775423511651,500224
1775423511657,500224
1775423511658,500224
1775423511659,500224
1775423511995,500224
1775423511998,500224
1775423512000,500224
1775423512003,500224
1775423512006,500224
1775423512008,500224
1775423512011,500224
1775423512014,500224
1775423512019,500224
1775423512022,500224
1775423512027,500224
1775423512031,500224
1775423512036,500224
1775423512039,500224
1775423512042,500224
1775423512044,500224
1775423512047,500224
1775423512049,500224
1775423512052,500224
1775423512054,500224
1775423512056,500224
1775423512060,500224
1775423512063,500224
1775423512066,500224
1775423512069,500224
1775423512071,500224
1775423512074,500224
1775423512076,500224
1775423512078,500224
1775423512080,500224
1775423512082,500224
1775423512084,500224
1775423512086,500224
1775423512088,500224
1775423512091,500224
1775423512092,500224
1775423512094,500224
1775423512096,500224
1775423512097,500224
1775423512099,500224
1775423512100,500224
1775423512104,500224
1775423512108,500224
1775423512111,500224
1775423512114,500224
1775423512116,500224
1775423512118,500224
1775423512119,500224
1775423512121,500224
1775423512122,500224
1775423512123,500224
1775423512125,500224
1775423512128,500224
1775423512130,500224
1775423512132,500224
1775423512135,500224
1775423512137,500224
1775423512139,500224
1775423512141,500224
1775423512145,500224
1775423512148,500224
1775423512151,500224
1775423512153,500224
1775423512156,500224
1775423512159,500224
1775423512161,500224
1775423512164,500224
1775423512166,500224
1775423512168,500224
1775423512170,500224
1775423512172,500224
1775423512174,500224
1775423512176,500224
1775423512178,500224
1775423512180,500224
1775423512182,500224
1775423512184,500224
1775423512186,500224
1775423512188,500224
1775423512189,500224
1775423512192,500224
1775423512195,500224
1775423512198,500224
1775423512201,500224
1775423512203,500224
1775423512206,500224
1775423512208,500224
1775423512210,500224
1775423512211,500224
1775423512213,500224
1775423512214,500224
1775423512216,500224
1775423512217,500224
1775423512547,500224
1775423512549,500224
1775423512550,500224
1775423512551,500224
1775423512554,500224
1775423512556,500224
1775423512560,500224
1775423512567,500224
1775423512569,500224
1775423512571,500224
1775423512572,500224
1775423512573,500224
1775423512574,500224
1775423512577,500224
1775423512580,500224
1775423512583,500224
1775423512585,500224
1775423512588,500224
1775423512590,500224
1775423512593,500224
1775423512595,500224
1775423512598,500224
1775423512600,500224
1775423512602,500224
1775423512604,500224
1775423512606,500224
1775423512608,500224
1775423512610,500224
1775423512612,500224
1775423512613,500224
1775423512615,500224
1775423512618,500224
1775423512620,500224
1775423512621,500224
1775423512623,500224
1775423512624,500224
1775423512626,500224
1775423512628,500224
1775423512629,500224
1775423512632,500224
1775423512634,500224
1775423512635,500224
1775423512637,500224
1775423512639,500224
1775423512641,500224
1775423512643,500224
1775423512644,500224
1775423512646,500224
1775423512649,500224
1775423512651,500224
1775423512653,500224
1775423512656,500224
1775423512659,500224
1775423512661,500224
1775423512664,500224
1775423512666,500224
1775423512667,500224
1775423512670,500224
1775423512672,500224
1775423512673,500224
1775423512674,500224
1775423512675,500224
1775423512677,500224
1775423512678,500224
1775423512679,500224
1775423512681,500224
1775423512682,500224
1775423512683,500224
1775423512686,500224
1775423512688,500224
1775423512690,500224
1775423512691,500224
1775423512693,500224
1775423512696,500224
1775423512697,500224
1775423512699,500224
1775423512701,500224
1775423512703,500224
1775423512704,500224
1775423512711,500224
1775423512712,500224
1775423512714,500224
1775423512716,500224
1775423512718,500224
1775423512721,500224
1775423512722,500224
1775423512723,500224
1775423512725,500224
1775423512728,500224
1775423512730,500224
1775423512732,500224
1775423512733,500224
1775423512735,500224
1775423512736,500224
1775423512737,500224
1775423512739,500224
1775423512740,500224
1775423512741,500224
1775423512742,500224
1775423512743,500224
1775423512745,500224
1775423512746,500224
1775423512747,500224
1775423512749,500224
1775423512750,500224
1775423512752,500224
1775423512753,500224
1775423512755,500224
1775423512756,500224
1775423513150,500224
1775423513153,500224
1775423513156,500224
1775423513159,500224
1775423513162,500224
1775423513164,500224
1775423513167,500224
1775423513170,500224
1775423513172,500224
1775423513175,500224
1775423513178,500224
1775423513181,500224
1775423513183,500224
1775423513186,500224
1775423513188,500224
1775423513190,500224
1775423513192,500224
1775423513194,500224
1775423513196,500224
1775423513198,500224
1775423513199,500224
1775423513201,500224
1775423513203,500224
1775423513206,500224
1775423513207,500224
1775423513208,500224
1775423513210,500224
1775423513214,500224
1775423513216,500224
1775423513219,500224
1775423513222,500224
1775423513224,500224
1775423513230,500224
1775423513234,500224
1775423513236,500224
1775423513239,500224
1775423513241,500224
1775423513243,500224
1775423513245,500224
1775423513247,500224
1775423513249,500224
1775423513250,500224
1775423513253,500224
1775423513255,500224
1775423513257,500224
1775423513258,500224
1775423513260,500224
1775423513262,500224
1775423513263,500224
1775423513265,500224
1775423513266,500224
1775423513267,500224
1775423513269,500224
1775423513270,500224
1775423513272,500224
1775423513273,500224
1775423513275,500224
1775423513277,500224
1775423513278,500224
1775423513279,500224
1775423513280,500224
1775423513282,500224
1775423513283,500224
1775423513284,500224
1775423513289,500224
1775423513293,500224
1775423513297,500224
1775423513303,500224
1775423513306,500224
1775423513307,500224
1775423513309,500224
1775423513312,500224
1775423513314,500224
1775423513317,500224
1775423513320,500224
1775423513323,500224
1775423513324,500224
1775423513325,500224
1775423513327,500224
1775423513328,500224
1775423513329,500224
1775423513330,500224
1775423513332,500224
1775423513333,500224
1775423513334,500224
1775423513336,500224
1775423513337,500224
1775423513338,500224
1775423513339,500224
1775423513341,500224
1775423513342,500224
1775423513343,500224
1775423513344,500224
1775423513346,500224
1775423513347,500224
1775423513349,500224
1775423513350,500224
1775423513351,500224
1775423513352,500224
1775423513353,500224
1775423513357,500224
1775423513359,500224
1775423513368,500224
1775423513372,500224
1775423513373,500224
1775423513375,500224
1775423513751,500224
1775423513754,500224
1775423513757,500224
1775423513759,500224
1775423513762,500224
1775423513765,500224
1775423513766,500224
1775423513768,500224
1775423513770,500224
1775423513773,500224
1775423513775,500224
1775423513778,500224
1775423513781,500224
1775423513782,500224
1775423513784,500224
1775423513785,500224
1775423513786,500224
1775423513788,500224
1775423513789,500224
1775423513790,500224
1775423513792,500224
1775423513797,500224
1775423513798,500224
1775423513800,500224
1775423513802,500224
1775423513805,500224
1775423513808,500224
1775423513810,500224
1775423513813,500224
1775423513816,500224
1775423513818,500224
1775423513820,500224
1775423513822,500224
1775423513824,500224
1775423513826,500224
1775423513828,500224
1775423513830,500224
1775423513832,500224
1775423513833,500224
1775423513834,500224
1775423513836,500224
1775423513837,500224
1775423513839,500224
1775423513840,500224
1775423513842,500224
1775423513845,500224
1775423513847,500224
1775423513849,500224
1775423513851,500224
1775423513852,500224
1775423513853,500224
1775423513859,500224
1775423513861,500224
1775423513862,500224
1775423513863,500224
1775423513865,500224
1775423513866,500224
1775423513870,500224
1775423513873,500224
1775423513876,500224
1775423513878,500224
1775423513881,500224
1775423513884,500224
1775423513887,500224
1775423513890,500224
1775423513893,500224
1775423513895,500224
1775423513898,500224
1775423513901,500224
1775423513905,500224
1775423513908,500224
1775423513910,500224
1775423513913,500224
1775423513914,500224
1775423513916,500224
1775423513917,500224
1775423513918,500224
1775423513920,500224
1775423513921,500224
1775423513924,500224
1775423513926,500224
1775423513931,500224
1775423513934,500224
1775423513937,500224
1775423513939,500224
1775423513942,500224
1775423513945,500224
1775423514308,500224
1775423514315,500224
1775423514317,500224
1775423514319,500224
1775423514321,500224
1775423514323,500224
1775423514325,500224
1775423514326,500224
1775423514328,500224
1775423514329,500224
1775423514331,500224
1775423514334,500224
1775423514337,500224
1775423514339,500224
1775423514342,500224
1775423514344,500224
1775423514347,500224
1775423514350,500224
1775423514351,500224
1775423514352,500224
1775423514354,500224
1775423514358,500224
1775423514360,500224
1775423514361,500224
1775423514365,500224
1775423514366,500224
1775423514368,500224
1775423514369,500224
1775423514370,500224
1775423514372,500224
1775423514373,500224
1775423514374,500224
1775423514375,500224
1775423514376,500224
1775423514378,500224
1775423514379,500224
1775423514380,500224
1775423514385,500224
1775423514388,500224
1775423514390,500224
1775423514392,500224
1775423514394,500224
1775423514396,500224
1775423514398,500224
1775423514400,500224
1775423514402,500224
1775423514403,500224
1775423514405,500224
1775423514407,500224
1775423514410,500224
1775423514412,500224
1775423514414,500224
1775423514416,500224
1775423514419,500224
1775423514421,500224
1775423514423,500224
1775423514425,500224
1775423514427,500224
1775423514429,500224
1775423514430,500224
1775423514432,500224
1775423514434,500224
1775423514436,500224
1775423514437,500224
1775423514439,500224
1775423514440,500224
1775423514442,500224
1775423514443,500224
1775423514445,500224
1775423514446,500224
1775423514448,500224
1775423514449,500224
1775423514450,500224
1775423514451,500224
1775423514453,500224
1775423514454,500224
1775423514455,500224
1775423514457,500224
1775423514458,500224
1775423514460,500224
1775423514464,500224
1775423514465,500224
1775423514471,500224
1775423514473,500224
1775423514476,500224
1775423514477,500224
1775423514479,500224
1775423514481,500224
1775423514482,500224
1775423514484,500224
1775423514486,500224
1775423514489,500224
1775423514490,500224
1775423514492,500224
1775423514493,500224
1775423514495,500224
1775423514496,500224
1775423514504,500224
1775423514507,500224
1775423514511,500224
1775423514513,500224
1775423514519,500224
1775423514520,500224
1775423514522,500224
1775423514523,500224
1775423514524,500224
1775423514525,500224
1775423514527,500224
1775423514528,500224
1775423514529,500224
1775423514530,500224
1775423514532,500224
1775423514533,500224
1775423514534,500224
1775423514535,500224
1775423514538,500224
1775423514542,500224
1775423514546,500224
1775423514549,500224
1775423514952,500224
1775423514954,500224
1775423514956,500224
1775423514961,500224
1775423514964,500224
1775423514967,500224
1775423514972,500224
1775423514974,500224
1775423514975,500224
1775423514976,500224
1775423514981,500224
1775423514990,500224
1775423514994,500224
1775423514997,500224
1775423514999,500224
1775423515002,500224
1775423515005,500224
1775423515007,500224
1775423515010,500224
1775423515013,500224
1775423515015,500224
1775423515017,500224
1775423515020,500224
1775423515022,500224
1775423515024,500224
1775423515026,500224
1775423515028,500224
1775423515030,500224
1775423515032,500224
1775423515033,500224
1775423515035,500224
1775423515036,500224
1775423515038,500224
1775423515039,500224
1775423515040,500224
1775423515041,500224
1775423515043,500224
1775423515044,500224
1775423515045,500224
1775423515046,500224
1775423515048,500224
1775423515049,500224
1775423515050,500224
1775423515052,500224
1775423515053,500224
1775423515054,500224
1775423515056,500224
1775423515057,500224
1775423515058,500224
1775423515059,500224
1775423515061,500224
1775423515065,500224
1775423515068,500224
1775423515069,500224
1775423515071,500224
1775423515072,500224
1775423515074,500224
1775423515075,500224
1775423515076,500224
1775423515079,500224
1775423515081,500224
1775423515083,500224
1775423515084,500224
1775423515086,500224
1775423515087,500224
1775423515088,500224
1775423515090,500224
1775423515091,500224
1775423515092,500224
1775423515094,500224
1775423515095,500224
1775423515096,500224
1775423515098,500224
1775423515099,500224
1775423515100,500224
1775423515102,500224
1775423515103,500224
1775423515104,500224
1775423515107,500224
1775423515108,500224
1775423515116,500224
1775423515120,500224
1775423515123,500224
1775423515125,500224
1775423515128,500224
1775423515131,500224
1775423515133,500224
1775423515136,500224
1775423515139,500224
1775423515141,500224
1775423515144,500224
1775423515552,500224
1775423515555,500224
1775423515557,500224
1775423515559,500224
1775423515565,500224
1775423515567,500224
1775423515568,500224
1775423515572,500224
1775423515574,500224
1775423515578,500224
1775423515585,500224
1775423515586,500224
1775423515588,500224
1775423515590,500224
1775423515591,500224
1775423515595,500224
1775423515597,500224
1775423515600,500224
1775423515602,500224
1775423515604,500224
1775423515606,500224
1775423515610,500224
1775423515614,500224
1775423515616,500224
1775423515619,500224
1775423515622,500224
1775423515624,500224
1775423515626,500224
1775423515627,500224
1775423515629,500224
1775423515632,500224
1775423515635,500224
1775423515637,500224
1775423515640,500224
1775423515643,500224
1775423515646,500224
1775423515649,500224
1775423515651,500224
1775423515653,500224
1775423515654,500224
1775423515655,500224
1775423515657,500224
1775423515658,500224
1775423515659,500224
1775423515661,500224
1775423515662,500224
1775423515663,500224
1775423515665,500224
1775423515666,500224
1775423515667,500224
1775423515668,500224
1775423515670,500224
1775423515671,500224
1775423515672,500224
1775423515674,500224
1775423515675,500224
1775423515676,500224
1775423515678,500224
1775423515680,500224
1775423515682,500224
1775423515683,500224
1775423515685,500224
1775423515687,500224
1775423515688,500224
1775423515690,500224
1775423515691,500224
1775423515697,500224
1775423515698,500224
1775423515700,500224
1775423515701,500224
1775423515703,500224
1775423515704,500224
1775423515706,500224
1775423515707,500224
1775423515709,500224
1775423515710,500224
1775423515712,500224
1775423515713,500224
1775423515715,500224
1775423515716,500224
1775423515718,500224
1775423515719,500224
1775423515722,500224
1775423515726,500224
1775423515729,500224
1775423515734,500224
1775423515739,500224
1775423515741,500224
1775423515742,500224
1775423515744,500224
1775423515745,500224
1775423516156,500224
1775423516158,500224
1775423516161,500224
1775423516163,500224
1775423516166,500224
1775423516168,500224
1775423516171,500224
1775423516173,500224
1775423516176,500224
1775423516179,500224
1775423516180,500224
1775423516182,500224
1775423516183,500224
1775423516184,500224
1775423516186,500224
1775423516187,500224
1775423516189,500224
1775423516190,500224
1775423516193,500224
1775423516196,500224
1775423516198,500224
1775423516201,500224
1775423516203,500224
1775423516206,500224
1775423516208,500224
1775423516210,500224
1775423516211,500224
1775423516212,500224
1775423516214,500224
1775423516215,500224
1775423516218,500224
1775423516221,500224
1775423516223,500224
1775423516225,500224
1775423516228,500224
1775423516230,500224
1775423516238,500224
1775423516240,500224
1775423516242,500224
1775423516244,500224
1775423516245,500224
1775423516247,500224
1775423516249,500224
1775423516250,500224
1775423516252,500224
1775423516253,500224
1775423516258,500224
1775423516259,500224
1775423516260,500224
1775423516263,500224
1775423516264,500224
1775423516266,500224
1775423516268,500224
1775423516270,500224
1775423516272,500224
1775423516274,500224
1775423516278,500224
1775423516280,500224
1775423516283,500224
1775423516286,500224
1775423516287,500224
1775423516289,500224
1775423516292,500224
1775423516294,500224
1775423516297,500224
1775423516299,500224
1775423516301,500224
1775423516307,500224
1775423516309,500224
1775423516311,500224
1775423516313,500224
1775423516316,500224
1775423516318,500224
1775423516320,500224
1775423516321,500224
1775423516323,500224
1775423516325,500224
1775423516328,500224
1775423516331,500224
1775423516334,500224
1775423516337,500224
1775423516339,500224
1775423516342,500224
1775423516345,500224
1775423516347,500224
1775423516350,500224
1775423516353,500224
1775423516355,500224
1775423516358,500224
1775423516360,500224
1775423516362,500224
1775423516364,500224
1775423516367,500224
1775423516369,500224
1775423516371,500224
1775423516373,500224
1775423516741,500224
1775423516748,500224
1775423516752,500224
1775423516754,500224
1775423516757,500224
1775423516759,500224
1775423516761,500224
1775423516775,500224
1775423516777,500224
1775423516778,500224
1775423516784,500224
1775423516785,500224
1775423516788,500224
1775423516791,500224
1775423516793,500224
1775423516796,500224
1775423516798,500224
1775423516801,500224
1775423516803,500224
1775423516805,500224
1775423516808,500224
1775423516813,500224
1775423516815,500224
1775423516819,500224
1775423516823,500224
1775423516827,500224
1775423516829,500224
1775423516832,500224
1775423516834,500224
1775423516837,500224
1775423516840,500224
1775423516843,500224
1775423516845,500224
1775423516848,500224
1775423516851,500224
1775423516853,500224
1775423516856,500224
1775423516858,500224
1775423516860,500224
1775423516862,500224
1775423516864,500224
1775423516865,500224
1775423516867,500224
1775423516868,500224
1775423516870,500224
1775423516871,500224
1775423516873,500224
1775423516874,500224
1775423516875,500224
1775423516877,500224
1775423516878,500224
1775423516879,500224
1775423516881,500224
1775423516883,500224
1775423516885,500224
1775423516887,500224
1775423516890,500224
1775423516892,500224
1775423516897,500224
1775423516900,500224
1775423516903,500224
1775423516904,500224
1775423516906,500224
1775423516908,500224
1775423516909,500224
1775423516911,500224
1775423516915,500224
1775423516918,500224
1775423516919,500224
1775423516921,500224
1775423516923,500224
1775423516924,500224
1775423516926,500224
1775423516927,500224
1775423516929,500224
1775423516930,500224
1775423516931,500224
1775423516933,500224
1775423516934,500224
1775423516935,500224
1775423516936,500224
1775423516938,500224
1775423516941,500224
1775423516948,500224
1775423516950,500224
1775423516952,500224
1775423516954,500224
1775423516955,500224
1775423516956,500224
1775423516958,500224
1775423516959,500224
1775423516960,500224
1775423516961,500224
1775423516963,500224
1775423516964,500224
1775423516965,500224
1775423516966,500224
1775423516968,500224
1775423516969,500224
1775423516970,500224
1775423516971,500224
1775423516973,500224
1775423516974,500224
1775423516975,500224
1775423516976,500224
1775423516978,500224
1775423517354,500224
1775423517355,500224
1775423517356,500224
1775423517358,500224
1775423517360,500224
1775423517361,500224
1775423517364,500224
1775423517367,500224
1775423517369,500224
1775423517371,500224
1775423517372,500224
1775423517374,500224
1775423517377,500224
1775423517379,500224
1775423517380,500224
1775423517381,500224
1775423517383,500224
1775423517384,500224
1775423517385,500224
1775423517387,500224
1775423517388,500224
1775423517390,500224
1775423517391,500224
1775423517392,500224
1775423517394,500224
1775423517395,500224
1775423517396,500224
1775423517398,500224
1775423517400,500224
1775423517401,500224
1775423517402,500224
1775423517404,500224
1775423517405,500224
1775423517406,500224
1775423517408,500224
1775423517409,500224
1775423517410,500224
1775423517411,500224
1775423517413,500224
1775423517414,500224
1775423517417,500224
1775423517419,500224
1775423517424,500224
1775423517427,500224
1775423517443,500224
1775423517446,500224
1775423517448,500224
1775423517451,500224
1775423517454,500224
1775423517457,500224
1775423517460,500224
1775423517462,500224
1775423517465,500224
1775423517468,500224
1775423517470,500224
1775423517473,500224
1775423517475,500224
1775423517479,500224
1775423517482,500224
1775423517484,500224
1775423517487,500224
1775423517490,500224
1775423517492,500224
1775423517495,500224
1775423517497,500224
1775423517500,500224
1775423517502,500224
1775423517504,500224
1775423517506,500224
1775423517508,500224
1775423517510,500224
1775423517512,500224
1775423517515,500224
1775423517517,500224
1775423517519,500224
1775423517521,500224
1775423517523,500224
1775423517524,500224
1775423517526,500224
1775423517528,500224
1775423517530,500224
1775423517531,500224
1775423517533,500224
1775423517534,500224
1775423517536,500224
1775423517537,500224
1775423517538,500224
1775423517540,500224
1775423517541,500224
1775423517542,500224
1775423517544,500224
1775423517547,500224
1775423517551,500224
1775423517553,500224
1775423517555,500224
1775423517556,500224
1775423517559,500224
1775423517561,500224
1775423517563,500224
1775423517564,500224
1775423517566,500224
1775423517567,500224
1775423517568,500224
1775423517570,500224
1775423517571,500224
1775423517572,500224
1775423517573,500224
1775423517575,500224
1775423517576,500224
1775423517577,500224
1775423517578,500224
1775423517580,500224
1775423517581,500224
1775423517957,500224
1775423517960,500224
1775423517962,500224
1775423517965,500224
1775423517967,500224
1775423517969,500224
1775423517971,500224
1775423517973,500224
1775423517975,500224
1775423517977,500224
1775423517978,500224
1775423517983,500224
1775423517988,500224
1775423517990,500224
1775423517992,500224
1775423517994,500224
1775423517995,500224
1775423517997,500224
1775423517998,500224
1775423518000,500224
1775423518003,500224
1775423518005,500224
1775423518008,500224
1775423518010,500224
1775423518012,500224
1775423518014,500224
1775423518015,500224
1775423518017,500224
1775423518018,500224
1775423518019,500224
1775423518023,500224
1775423518028,500224
1775423518031,500224
1775423518032,500224
1775423518036,500224
1775423518039,500224
1775423518042,500224
1775423518045,500224
1775423518048,500224
1775423518050,500224
1775423518054,500224
1775423518055,500224
1775423518059,500224
1775423518062,500224
1775423518064,500224
1775423518067,500224
1775423518069,500224
1775423518071,500224
1775423518074,500224
1775423518077,500224
1775423518079,500224
1775423518082,500224
1775423518084,500224
1775423518086,500224
1775423518087,500224
1775423518089,500224
1775423518091,500224
1775423518092,500224
1775423518094,500224
1775423518095,500224
1775423518097,500224
1775423518098,500224
1775423518099,500224
1775423518101,500224
1775423518103,500224
1775423518107,500224
1775423518108,500224
1775423518112,500224
1775423518114,500224
1775423518117,500224
1775423518119,500224
1775423518120,500224
1775423518122,500224
1775423518123,500224
1775423518125,500224
1775423518128,500224
1775423518129,500224
1775423518130,500224
1775423518131,500224
1775423518133,500224
1775423518134,500224
1775423518135,500224
1775423518137,500224
1775423518138,500224
1775423518139,500224
1775423518141,500224
1775423518142,500224
1775423518143,500224
1775423518144,500224
1775423518147,500224
1775423518149,500224
1775423518151,500224
1775423518152,500224
1775423518154,500224
1775423518158,500224
1775423518160,500224
1775423518557,500224
1775423518560,500224
1775423518563,500224
1775423518565,500224
1775423518568,500224
1775423518570,500224
1775423518573,500224
1775423518576,500224
1775423518578,500224
1775423518581,500224
1775423518584,500224
1775423518586,500224
1775423518589,500224
1775423518592,500224
1775423518594,500224
1775423518597,500224
1775423518599,500224
1775423518601,500224
1775423518602,500224
1775423518604,500224
1775423518605,500224
1775423518606,500224
1775423518608,500224
1775423518611,500224
1775423518614,500224
1775423518622,500224
1775423518630,500224
1775423518634,500224
1775423518639,500224
1775423518645,500224
1775423518650,500224
1775423518654,500224
1775423518657,500224
1775423518659,500224
1775423518661,500224
1775423518663,500224
1775423518665,500224
1775423518667,500224
1775423518669,500224
1775423518671,500224
1775423518673,500224
1775423518675,500224
1775423518677,500224
1775423518678,500224
1775423518680,500224
1775423518681,500224
1775423518683,500224
1775423518685,500224
1775423518686,500224
1775423518688,500224
1775423518689,500224
1775423518692,500224
1775423518693,500224
1775423518695,500224
1775423518698,500224
1775423518700,500224
1775423518702,500224
1775423518704,500224
1775423518706,500224
1775423518707,500224
1775423518709,500224
1775423518711,500224
1775423518713,500224
1775423518715,500224
1775423518716,500224
1775423518718,500224
1775423518721,500224
1775423518722,500224
1775423518724,500224
1775423518726,500224
1775423518727,500224
1775423518728,500224
1775423518730,500224
1775423518732,500224
1775423518733,500224
1775423518735,500224
1775423518736,500224
1775423518738,500224
1775423518739,500224
1775423518741,500224
1775423518742,500224
1775423518744,500224
1775423518746,500224
1775423518747,500224
1775423518750,500224
1775423518752,500224
1775423518754,500224
1775423518755,500224
1775423518757,500224
1775423518759,500224
1775423518760,500224
1775423518762,500224
1775423518763,500224
1775423518764,500224
1775423518766,500224
1775423518768,500224
1775423518770,500224
1775423518772,500224
1775423518773,500224
1775423518774,500224
1775423518776,500224
1775423518777,500224
1775423518779,500224
1775423518780,500224
1775423518783,500224
1775423518784,500224
1775423518793,500224
1775423518795,500224
1775423518797,500224
1775423518799,500224
1775423518800,500224
1775423518801,500224
1775423518802,500224
1775423518805,500224
1775423518809,500224
1775423518811,500224
1775423518815,500224
1775423519160,500224
1775423519164,500224
1775423519169,500224
1775423519172,500224
1775423519175,500224
1775423519184,500224
1775423519188,500224
1775423519194,500224
1775423519197,500224
1775423519200,500224
1775423519207,500224
1775423519210,500224
1775423519213,500224
1775423519214,500224
1775423519216,500224
1775423519221,500224
1775423519223,500224
1775423519224,500224
1775423519226,500224
1775423519227,500224
1775423519228,500224
1775423519229,500224
1775423519231,500224
1775423519232,500224
1775423519234,500224
1775423519237,500224
1775423519239,500224
1775423519241,500224
1775423519242,500224
1775423519244,500224
1775423519251,500224
1775423519254,500224
1775423519257,500224
1775423519260,500224
1775423519262,500224
1775423519265,500224
1775423519267,500224
1775423519270,500224
1775423519272,500224
1775423519274,500224
1775423519278,500224
1775423519280,500224
1775423519283,500224
1775423519285,500224
1775423519287,500224
1775423519289,500224
1775423519290,500224
1775423519291,500224
1775423519293,500224
1775423519294,500224
1775423519295,500224
1775423519297,500224
1775423519298,500224
1775423519299,500224
1775423519301,500224
1775423519303,500224
1775423519304,500224
1775423519305,500224
1775423519307,500224
1775423519308,500224
1775423519309,500224
1775423519310,500224
1775423519312,500224
1775423519313,500224
1775423519314,500224
1775423519316,500224
1775423519317,500224
1775423519318,500224
1775423519319,500224
1775423519321,500224
1775423519322,500224
1775423519323,500224
1775423519325,500224
1775423519326,500224
1775423519327,500224
1775423519328,500224
1775423519330,500224
1775423519331,500224
1775423519333,500224
1775423519334,500224
1775423519336,500224
1775423519337,500224
1775423519338,500224
1775423519339,500224
1775423519341,500224
1775423519342,500224
1775423519343,500224
1775423519344,500224
1775423519346,500224
1775423519347,500224
1775423519348,500224
1775423519351,500224
1775423519354,500224
1775423519356,500224
1775423519358,500224
1775423519359,500224
1775423519367,500224
1775423519369,500224
1775423519372,500224
1775423519374,500224
1775423519375,500224
1775423519377,500224
1775423519378,500224
1775423519380,500224
1775423519381,500224
1775423519382,500224
1775423519384,500224
1775423519385,500224
1775423519758,500224
1775423519759,500224
1775423519760,500224
1775423519762,500224
1775423519763,500224
1775423519764,500224
1775423519765,500224
1775423519767,500224
1775423519777,500224
1775423519784,500224
1775423519787,500224
1775423519789,500224
1775423519791,500224
1775423519792,500224
1775423519794,500224
1775423519796,500224
1775423519798,500224
1775423519800,500224
1775423519803,500224
1775423519806,500224
1775423519809,500224
1775423519813,500224
1775423519818,500224
1775423519821,500224
1775423519823,500224
1775423519825,500224
1775423519828,500224
1775423519833,500224
1775423519837,500224
1775423519840,500224
1775423519844,500224
1775423519845,500224
1775423519847,500224
1775423519849,500224
1775423519853,500224
1775423519856,500224
1775423519859,500224
1775423519863,500224
1775423519866,500224
1775423519867,500224
1775423519869,500224
1775423519871,500224
1775423519872,500224
1775423519874,500224
1775423519876,500224
1775423519877,500224
1775423519878,500224
1775423519881,500224
1775423519885,500224
1775423519887,500224
1775423519888,500224
1775423519890,500224
1775423519892,500224
1775423519893,500224
1775423519894,500224
1775423519896,500224
1775423519897,500224
1775423519898,500224
1775423519900,500224
1775423519901,500224
1775423519903,500224
1775423519904,500224
1775423519906,500224
1775423519907,500224
1775423519908,500224
1775423519909,500224
1775423519911,500224
1775423519912,500224
1775423519913,500224
1775423519915,500224
1775423519916,500224
1775423519917,500224
1775423519918,500224
1775423519920,500224
1775423519921,500224
1775423519922,500224
1775423519924,500224
1775423519926,500224
1775423519928,500224
1775423519929,500224
1775423519931,500224
1775423519932,500224
1775423519934,500224
1775423519935,500224
1775423519938,500224
1775423519941,500224
1775423519944,500224
1775423519947,500224
1775423519949,500224
1775423519952,500224
1775423519955,500224
1775423519958,500224
1775423519960,500224
1775423519963,500224
1775423519965,500224
1775423519968,500224
1775423519970,500224
1775423519972,500224
1775423519975,500224
1775423519976,500224
1775423519978,500224
1775423519979,500224
1775423519981,500224
1775423519982,500224
1775423519984,500224
1775423519986,500224
1775423519987,500224
1775423519990,500224
1775423520359,500224
1775423520362,500224
1775423520365,500224
1775423520368,500224
1775423520371,500224
1775423520373,500224
1775423520376,500224
1775423520379,500224
1775423520381,500224
1775423520388,500224
1775423520390,500224
1775423520393,500224
1775423520396,500224
1775423520398,500224
1775423520401,500224
1775423520404,500224
1775423520406,500224
1775423520408,500224
1775423520411,500224
1775423520414,500224
1775423520417,500224
1775423520420,500224
1775423520422,500224
1775423520425,500224
1775423520428,500224
1775423520430,500224
1775423520439,500224
1775423520441,500224
1775423520449,500224
1775423520456,500224
1775423520457,500224
1775423520459,500224
1775423520460,500224
1775423520462,500224
1775423520463,500224
1775423520465,500224
1775423520466,500224
1775423520468,500224
1775423520469,500224
1775423520470,500224
1775423520472,500224
1775423520473,500224
1775423520475,500224
1775423520476,500224
1775423520478,500224
1775423520480,500224
1775423520481,500224
1775423520483,500224
1775423520484,500224
1775423520486,500224
1775423520487,500224
1775423520489,500224
1775423520490,500224
1775423520492,500224
1775423520493,500224
1775423520494,500224
1775423520496,500224
1775423520497,500224
1775423520498,500224
1775423520500,500224
1775423520501,500224
1775423520502,500224
1775423520503,500224
1775423520505,500224
1775423520506,500224
1775423520507,500224
1775423520508,500224
1775423520509,500224
1775423520511,500224
1775423520512,500224
1775423520513,500224
1775423520514,500224
1775423520515,500224
1775423520517,500224
1775423520524,500224
1775423520527,500224
1775423520529,500224
1775423520530,500224
1775423520532,500224
1775423520534,500224
1775423520537,500224
1775423520539,500224
1775423520541,500224
1775423520543,500224
1775423520544,500224
1775423520545,500224
1775423520546,500224
1775423520548,500224
1775423520551,500224
1775423520553,500224
1775423520559,500224
1775423520561,500224
1775423520563,500224
1775423520564,500224
1775423520567,500224
1775423520570,500224
1775423520572,500224
1775423520958,500224
1775423520961,500224
1775423520963,500224
1775423520965,500224
1775423520967,500224
1775423520969,500224
1775423520970,500224
1775423520972,500224
1775423520974,500224
1775423520977,500224
1775423520980,500224
1775423520982,500224
1775423520984,500224
1775423520986,500224
1775423520988,500224
1775423520990,500224
1775423520992,500224
1775423520994,500224
1775423520996,500224
1775423520997,500224
1775423520999,500224
1775423521001,500224
1775423521002,500224
1775423521005,500224
1775423521009,500224
1775423521012,500224
1775423521014,500224
1775423521015,500224
1775423521017,500224
1775423521019,500224
1775423521020,500224
1775423521022,500224
1775423521023,500224
1775423521028,500224
1775423521030,500224
1775423521032,500224
1775423521034,500224
1775423521035,500224
1775423521037,500224
1775423521039,500224
1775423521041,500224
1775423521043,500224
1775423521045,500224
1775423521046,500224
1775423521048,500224
1775423521050,500224
1775423521052,500224
1775423521053,500224
1775423521055,500224
1775423521056,500224
1775423521058,500224
1775423521059,500224
1775423521061,500224
1775423521062,500224
1775423521063,500224
1775423521067,500224
1775423521069,500224
1775423521072,500224
1775423521078,500224
1775423521082,500224
1775423521085,500224
1775423521087,500224
1775423521090,500224
1775423521093,500224
1775423521095,500224
1775423521098,500224
1775423521101,500224
1775423521105,500224
1775423521107,500224
1775423521109,500224
1775423521112,500224
1775423521114,500224
1775423521117,500224
1775423521119,500224
1775423521122,500224
1775423521124,500224
1775423521126,500224
1775423521128,500224
1775423521130,500224
1775423521132,500224
1775423521133,500224
1775423521135,500224
1775423521137,500224
1775423521138,500224
1775423521140,500224
1775423521141,500224
1775423521143,500224
1775423521144,500224
1775423521145,500224
1775423521147,500224
1775423521148,500224
1775423521149,500224
1775423521151,500224
1775423521152,500224
1775423521153,500224
1775423521154,500224
1775423521157,500224
1775423521159,500224
1775423521160,500224
1775423521560,500224
1775423521563,500224
1775423521566,500224
1775423521569,500224
1775423521572,500224
1775423521574,500224
1775423521577,500224
1775423521580,500224
1775423521582,500224
1775423521584,500224
1775423521586,500224
1775423521588,500224
1775423521590,500224
1775423521592,500224
1775423521594,500224
1775423521596,500224
1775423521598,500224
1775423521600,500224
1775423521602,500224
1775423521604,500224
1775423521606,500224
1775423521607,500224
1775423521609,500224
1775423521610,500224
1775423521611,500224
1775423521613,500224
1775423521614,500224
1775423521615,500224
1775423521620,500224
1775423521621,500224
1775423521622,500224
1775423521625,500224
1775423521626,500224
1775423521627,500224
1775423521629,500224
1775423521630,500224
1775423521631,500224
1775423521634,500224
1775423521637,500224
1775423521640,500224
1775423521643,500224
1775423521646,500224
1775423521654,500224
1775423521657,500224
1775423521660,500224
1775423521663,500224
1775423521666,500224
1775423521674,500224
1775423521678,500224
1775423521681,500224
1775423521683,500224
1775423521685,500224
1775423521687,500224
1775423521689,500224
1775423521692,500224
1775423521694,500224
1775423521696,500224
1775423521698,500224
1775423521700,500224
1775423521702,500224
1775423521705,500224
1775423521707,500224
1775423521709,500224
1775423521711,500224
1775423521712,500224
1775423521713,500224
1775423521716,500224
1775423521719,500224
1775423521725,500224
1775423521728,500224
1775423521730,500224
1775423521733,500224
1775423521736,500224
1775423521738,500224
1775423521741,500224
1775423521743,500224
1775423521745,500224
1775423521747,500224
1775423521749,500224
1775423521751,500224
1775423521753,500224
1775423521755,500224
1775423521757,500224
1775423521759,500224
1775423521761,500224
1775423521763,500224
1775423521764,500224
1775423521766,500224
1775423521769,500224
1775423521772,500224
1775423521773,500224
1775423521774,500224
1775423521776,500224
1775423521777,500224
1775423521788,500224
1775423521789,500224
1775423521791,500224
1775423521792,500224
1775423521794,500224
1775423521796,500224
1775423521798,500224
1775423521800,500224
1775423521803,500224
1775423521805,500224
1775423521808,500224
1775423521810,500224
1775423521812,500224
1775423521814,500224
1775423521816,500224
1775423521818,500224
1775423521820,500224
1775423521821,500224
1775423521823,500224
1775423522161,500224
1775423522164,500224
1775423522167,500224
1775423522169,500224
1775423522172,500224
1775423522174,500224
1775423522177,500224
1775423522179,500224
1775423522181,500224
1775423522183,500224
1775423522185,500224
1775423522188,500224
1775423522190,500224
1775423522192,500224
1775423522194,500224
1775423522198,500224
1775423522200,500224
1775423522202,500224
1775423522204,500224
1775423522205,500224
1775423522207,500224
1775423522208,500224
1775423522210,500224
1775423522212,500224
1775423522214,500224
1775423522216,500224
1775423522218,500224
1775423522220,500224
1775423522222,500224
1775423522224,500224
1775423522226,500224
1775423522228,500224
1775423522230,500224
1775423522232,500224
1775423522233,500224
1775423522235,500224
1775423522236,500224
1775423522237,500224
1775423522239,500224
1775423522240,500224
1775423522241,500224
1775423522243,500224
1775423522245,500224
1775423522246,500224
1775423522248,500224
1775423522249,500224
1775423522251,500224
1775423522252,500224
1775423522254,500224
1775423522255,500224
1775423522257,500224
1775423522258,500224
1775423522260,500224
1775423522261,500224
1775423522263,500224
1775423522264,500224
1775423522265,500224
1775423522267,500224
1775423522274,500224
1775423522278,500224
1775423522280,500224
1775423522282,500224
1775423522286,500224
1775423522291,500224
1775423522296,500224
1775423522299,500224
1775423522302,500224
1775423522305,500224
1775423522306,500224
1775423522309,500224
1775423522311,500224
1775423522312,500224
1775423522314,500224
1775423522315,500224
1775423522318,500224
1775423522319,500224
1775423522321,500224
1775423522323,500224
1775423522324,500224
1775423522327,500224
1775423522328,500224
1775423522333,500224
1775423522334,500224
1775423522336,500224
1775423522339,500224
1775423522340,500224
1775423522342,500224
1775423522344,500224
1775423522346,500224
1775423522347,500224
1775423522349,500224
1775423522351,500224
1775423522352,500224
1775423522354,500224
1775423522356,500224
1775423522358,500224
1775423522359,500224
1775423522763,500224
1775423522765,500224
1775423522767,500224
1775423522772,500224
1775423522777,500224
1775423522779,500224
1775423522785,500224
1775423522788,500224
1775423522790,500224
1775423522793,500224
1775423522795,500224
1775423522799,500224
1775423522801,500224
1775423522803,500224
1775423522806,500224
1775423522808,500224
1775423522809,500224
1775423522812,500224
1775423522815,500224
1775423522817,500224
1775423522820,500224
1775423522824,500224
1775423522827,500224
1775423522830,500224
1775423522834,500224
1775423522837,500224
1775423522840,500224
1775423522843,500224
1775423522845,500224
1775423522848,500224
1775423522851,500224
1775423522853,500224
1775423522856,500224
1775423522859,500224
1775423522861,500224
1775423522864,500224
1775423522866,500224
1775423522868,500224
1775423522870,500224
1775423522874,500224
1775423522880,500224
1775423522882,500224
1775423522884,500224
1775423522888,500224
1775423522892,500224
1775423522894,500224
1775423522896,500224
1775423522899,500224
1775423522901,500224
1775423522903,500224
1775423522905,500224
1775423522906,500224
1775423522913,500224
1775423522914,500224
1775423522916,500224
1775423522919,500224
1775423522921,500224
1775423522923,500224
1775423522924,500224
1775423522926,500224
1775423522927,500224
1775423522929,500224
1775423522930,500224
1775423522932,500224
1775423522939,500224
1775423522940,500224
1775423522942,500224
1775423522949,500224
1775423522952,500224
1775423522954,500224
1775423522957,500224
1775423522959,500224
1775423522961,500224
1775423522964,500224
1775423522966,500224
1775423522969,500224
1775423522972,500224
1775423522974,500224
1775423522977,500224
1775423522980,500224
1775423522981,500224
1775423522983,500224
1775423522984,500224
1775423522986,500224
1775423522988,500224
1775423522990,500224
1775423522991,500224
1775423522993,500224
1775423522995,500224
1775423522998,500224
1775423523000,500224
1775423523001,500224
1775423523003,500224
1775423523008,500224
1775423523011,500224
1775423523016,500224
1775423523018,500224
1775423523020,500224
1775423523022,500224
1775423523024,500224
1775423523027,500224
1775423523030,500224
1775423523032,500224
1775423523035,500224
1775423523037,500224
1775423523039,500224
1775423523040,500224
1775423523042,500224
1775423523043,500224
1775423523045,500224
1775423523362,500224
1775423523368,500224
1775423523371,500224
1775423523374,500224
1775423523376,500224
1775423523378,500224
1775423523380,500224
1775423523382,500224
1775423523384,500224
1775423523386,500224
1775423523388,500224
1775423523389,500224
1775423523391,500224
1775423523392,500224
1775423523394,500224
1775423523397,500224
1775423523400,500224
1775423523406,500224
1775423523410,500224
1775423523411,500224
1775423523412,500224
1775423523414,500224
1775423523416,500224
1775423523418,500224
1775423523420,500224
1775423523422,500224
1775423523423,500224
1775423523426,500224
1775423523428,500224
1775423523430,500224
1775423523433,500224
1775423523436,500224
1775423523439,500224
1775423523441,500224
1775423523444,500224
1775423523445,500224
1775423523447,500224
1775423523449,500224
1775423523453,500224
1775423523456,500224
1775423523466,500224
1775423523470,500224
1775423523474,500224
1775423523478,500224
1775423523481,500224
1775423523483,500224
1775423523486,500224
1775423523488,500224
1775423523490,500224
1775423523492,500224
1775423523494,500224
1775423523496,500224
1775423523497,500224
1775423523499,500224
1775423523501,500224
1775423523502,500224
1775423523504,500224
1775423523508,500224
1775423523511,500224
1775423523513,500224
1775423523515,500224
1775423523516,500224
1775423523520,500224
1775423523522,500224
1775423523524,500224
1775423523526,500224
1775423523528,500224
1775423523530,500224
1775423523532,500224
1775423523534,500224
1775423523536,500224
1775423523538,500224
1775423523539,500224
1775423523541,500224
1775423523542,500224
1775423523544,500224
1775423523546,500224
1775423523549,500224
1775423523551,500224
1775423523553,500224
1775423523555,500224
1775423523556,500224
1775423523558,500224
1775423523561,500224
1775423523563,500224
1775423523564,500224
1775423523566,500224
1775423523567,500224
1775423523568,500224
1775423523571,500224
1775423523575,500224
1775423523578,500224
1775423523580,500224
1775423523581,500224
1775423523583,500224
1775423523585,500224
1775423523587,500224
1775423523589,500224
1775423523590,500224
1775423523591,500224
1775423523593,500224
1775423523595,500224
1775423523596,500224
1775423523597,500224
1775423523599,500224
1775423523600,500224
1775423523964,500224
1775423523967,500224
1775423523970,500224
1775423523972,500224
1775423523975,500224
1775423523977,500224
1775423523980,500224
1775423523983,500224
1775423523985,500224
1775423523988,500224
1775423523993,500224
1775423523997,500224
1775423524000,500224
1775423524003,500224
1775423524005,500224
1775423524007,500224
1775423524009,500224
1775423524011,500224
1775423524013,500224
1775423524014,500224
1775423524016,500224
1775423524018,500224
1775423524019,500224
1775423524021,500224
1775423524022,500224
1775423524023,500224
1775423524025,500224
1775423524027,500224
1775423524029,500224
1775423524031,500224
1775423524033,500224
1775423524035,500224
1775423524037,500224
1775423524039,500224
1775423524041,500224
1775423524042,500224
1775423524044,500224
1775423524045,500224
1775423524047,500224
1775423524048,500224
1775423524050,500224
1775423524053,500224
1775423524054,500224
1775423524056,500224
1775423524057,500224
1775423524059,500224
1775423524060,500224
1775423524061,500224
1775423524063,500224
1775423524064,500224
1775423524066,500224
1775423524067,500224
1775423524069,500224
1775423524070,500224
1775423524071,500224
1775423524073,500224
1775423524074,500224
1775423524075,500224
1775423524077,500224
1775423524078,500224
1775423524079,500224
1775423524085,500224
1775423524086,500224
1775423524091,500224
1775423524092,500224
1775423524093,500224
1775423524094,500224
1775423524095,500224
1775423524097,500224
1775423524098,500224
1775423524099,500224
1775423524102,500224
1775423524104,500224
1775423524105,500224
1775423524107,500224
1775423524108,500224
1775423524111,500224
1775423524113,500224
1775423524116,500224
1775423524118,500224
1775423524120,500224
1775423524122,500224
1775423524125,500224
1775423524128,500224
1775423524131,500224
1775423524133,500224
1775423524136,500224
1775423524139,500224
1775423524141,500224
1775423524144,500224
1775423524146,500224
1775423524148,500224
1775423524151,500224
1775423524153,500224
1775423524156,500224
1775423524160,500224
1775423524162,500224
1775423524165,500224
1775423524168,500224
1775423524170,500224
1775423524173,500224
1775423524176,500224
1775423524178,500224
1775423524180,500224
1775423524183,500224
1775423524185,500224
1775423524186,500224
1775423524188,500224
1775423524190,500224
1775423524191,500224
1775423524193,500224
1775423524201,500224
1775423524565,500224
1775423524568,500224
1775423524575,500224
1775423524577,500224
1775423524579,500224
1775423524581,500224
1775423524583,500224
1775423524585,500224
1775423524587,500224
1775423524588,500224
1775423524590,500224
1775423524591,500224
1775423524593,500224
1775423524594,500224
1775423524596,500224
1775423524597,500224
1775423524602,500224
1775423524605,500224
1775423524607,500224
1775423524610,500224
1775423524613,500224
1775423524619,500224
1775423524622,500224
1775423524624,500224
1775423524626,500224
1775423524628,500224
1775423524630,500224
1775423524632,500224
1775423524633,500224
1775423524635,500224
1775423524637,500224
1775423524639,500224
1775423524641,500224
1775423524642,500224
1775423524645,500224
1775423524646,500224
1775423524648,500224
1775423524650,500224
1775423524651,500224
1775423524653,500224
1775423524659,500224
1775423524660,500224
1775423524661,500224
1775423524665,500224
1775423524668,500224
1775423524671,500224
1775423524673,500224
1775423524677,500224
1775423524680,500224
1775423524683,500224
1775423524686,500224
1775423524689,500224
1775423524692,500224
1775423524695,500224
1775423524698,500224
1775423524700,500224
1775423524703,500224
1775423524705,500224
1775423524707,500224
1775423524709,500224
1775423524712,500224
1775423524718,500224
1775423524722,500224
1775423524725,500224
1775423524728,500224
1775423524730,500224
1775423524733,500224
1775423524735,500224
1775423524737,500224
1775423524739,500224
1775423524741,500224
1775423524743,500224
1775423524745,500224
1775423524748,500224
1775423524750,500224
1775423524753,500224
1775423524755,500224
1775423524757,500224
1775423524758,500224
1775423524759,500224
1775423524761,500224
1775423524763,500224
1775423524767,500224
1775423524769,500224
1775423524773,500224
1775423524776,500224
1775423524779,500224
1775423524782,500224
1775423524784,500224
1775423524788,500224
1775423524791,500224
1775423524792,500224
1775423524793,500224
1775423524794,500224
1775423524797,500224
1775423524798,500224
1775423524799,500224
1775423524800,500224
1775423524802,500224
1775423524803,500224
1775423524804,500224
1775423524805,500224
1775423524807,500224
1775423524808,500224
1775423524810,500224
1775423524812,500224
1775423524814,500224
1775423524816,500224
1775423524818,500224
1775423524820,500224
1775423524822,500224
1775423524823,500224
1775423524825,500224
1775423524827,500224
1775423524830,500224
1775423524832,500224
1775423524834,500224
1775423525171,500224
1775423525175,500224
1775423525179,500224
1775423525181,500224
1775423525184,500224
1775423525187,500224
1775423525190,500224
1775423525191,500224
1775423525193,500224
1775423525196,500224
1775423525198,500224
1775423525202,500224
1775423525208,500224
1775423525210,500224
1775423525212,500224
1775423525214,500224
1775423525215,500224
1775423525218,500224
1775423525220,500224
1775423525222,500224
1775423525224,500224
1775423525232,500224
1775423525239,500224
1775423525242,500224
1775423525245,500224
1775423525247,500224
1775423525249,500224
1775423525251,500224
1775423525253,500224
1775423525256,500224
1775423525259,500224
1775423525261,500224
1775423525264,500224
1775423525266,500224
1775423525268,500224
1775423525271,500224
1775423525273,500224
1775423525276,500224
1775423525279,500224
1775423525282,500224
1775423525285,500224
1775423525287,500224
1775423525290,500224
1775423525293,500224
1775423525296,500224
1775423525298,500224
1775423525299,500224
1775423525301,500224
1775423525303,500224
1775423525305,500224
1775423525307,500224
1775423525309,500224
1775423525310,500224
1775423525312,500224
1775423525314,500224
1775423525316,500224
1775423525317,500224
1775423525319,500224
1775423525320,500224
1775423525322,500224
1775423525323,500224
1775423525325,500224
1775423525326,500224
1775423525328,500224
1775423525329,500224
1775423525331,500224
1775423525332,500224
1775423525334,500224
1775423525335,500224
1775423525337,500224
1775423525338,500224
1775423525341,500224
1775423525343,500224
1775423525345,500224
1775423525346,500224
1775423525348,500224
1775423525350,500224
1775423525361,500224
1775423525364,500224
1775423525366,500224
1775423525367,500224
1775423525370,500224
1775423525376,500224
1775423525382,500224
1775423525386,500224
1775423525389,500224
1775423525392,500224
1775423525395,500224
1775423525397,500224
1775423525398,500224
1775423525400,500224
1775423525401,500224
1775423525403,500224
1775423525404,500224
1775423525405,500224
1775423525407,500224
1775423525408,500224
1775423525409,500224
1775423525412,500224
1775423525414,500224
1775423525767,500224
1775423525769,500224
1775423525772,500224
1775423525776,500224
1775423525778,500224
1775423525781,500224
1775423525783,500224
1775423525785,500224
1775423525787,500224
1775423525789,500224
1775423525791,500224
1775423525792,500224
1775423525794,500224
1775423525796,500224
1775423525797,500224
1775423525808,500224
1775423525811,500224
1775423525812,500224
1775423525815,500224
1775423525817,500224
1775423525819,500224
1775423525821,500224
1775423525824,500224
1775423525826,500224
1775423525828,500224
1775423525831,500224
1775423525834,500224
1775423525835,500224
1775423525837,500224
1775423525843,500224
1775423525844,500224
1775423525845,500224
1775423525847,500224
1775423525848,500224
1775423525849,500224
1775423525851,500224
1775423525852,500224
1775423525853,500224
1775423525855,500224
1775423525859,500224
1775423525866,500224
1775423525871,500224
1775423525876,500224
1775423525880,500224
1775423525882,500224
1775423525883,500224
1775423525886,500224
1775423525888,500224
1775423525890,500224
1775423525891,500224
1775423525892,500224
1775423525893,500224
1775423525895,500224
1775423525896,500224
1775423525897,500224
1775423525898,500224
1775423525900,500224
1775423525901,500224
1775423525902,500224
1775423525904,500224
1775423525906,500224
1775423525909,500224
1775423525912,500224
1775423525914,500224
1775423525916,500224
1775423525917,500224
1775423525919,500224
1775423525921,500224
1775423525923,500224
1775423525925,500224
1775423525927,500224
1775423525932,500224
1775423525934,500224
1775423525935,500224
1775423525937,500224
1775423525938,500224
1775423525941,500224
1775423525944,500224
1775423525946,500224
1775423525948,500224
1775423525949,500224
1775423525951,500224
1775423525953,500224
1775423525956,500224
1775423525958,500224
1775423525960,500224
1775423525962,500224
1775423525964,500224
1775423525966,500224
1775423525967,500224
1775423525969,500224
1775423525971,500224
1775423525973,500224
1775423525974,500224
1775423525977,500224
1775423525978,500224
1775423525980,500224
1775423525982,500224
1775423525985,500224
1775423525986,500224
1775423525988,500224
1775423525989,500224
1775423525993,500224
1775423525995,500224
1775423525998,500224
1775423526001,500224
1775423526003,500224
1775423526006,500224
1775423526009,500224
1775423526011,500224
1775423526014,500224
1775423526017,500224
1775423526020,500224
1775423526022,500224
1775423526025,500224
1775423526028,500224
1775423526030,500224
1775423526033,500224
1775423526036,500224
1775423526038,500224
1775423526368,500224
1775423526371,500224
1775423526374,500224
1775423526377,500224
1775423526379,500224
1775423526382,500224
1775423526387,500224
1775423526390,500224
1775423526393,500224
1775423526396,500224
1775423526399,500224
1775423526401,500224
1775423526410,500224
1775423526413,500224
1775423526418,500224
1775423526421,500224
1775423526422,500224
1775423526423,500224
1775423526425,500224
1775423526427,500224
1775423526430,500224
1775423526432,500224
1775423526438,500224
1775423526440,500224
1775423526441,500224
1775423526443,500224
1775423526446,500224
1775423526449,500224
1775423526453,500224
1775423526455,500224
1775423526457,500224
1775423526458,500224
1775423526461,500224
1775423526462,500224
1775423526465,500224
1775423526470,500224
1775423526473,500224
1775423526476,500224
1775423526478,500224
1775423526481,500224
1775423526484,500224
1775423526488,500224
1775423526490,500224
1775423526492,500224
1775423526497,500224
1775423526503,500224
1775423526506,500224
1775423526509,500224
1775423526511,500224
1775423526514,500224
1775423526517,500224
1775423526518,500224
1775423526520,500224
1775423526523,500224
1775423526525,500224
1775423526530,500224
1775423526534,500224
1775423526540,500224
1775423526543,500224
1775423526545,500224
1775423526548,500224
1775423526551,500224
1775423526554,500224
1775423526556,500224
1775423526559,500224
1775423526562,500224
1775423526563,500224
1775423526565,500224
1775423526566,500224
1775423526568,500224
1775423526571,500224
1775423526573,500224
1775423526575,500224
1775423526576,500224
1775423526578,500224
1775423526580,500224
1775423526581,500224
1775423526583,500224
1775423526585,500224
1775423526588,500224
1775423526590,500224
1775423526591,500224
1775423526593,500224
1775423526594,500224
1775423526595,500224
1775423526597,500224
1775423526598,500224
1775423526601,500224
1775423526603,500224
1775423526604,500224
1775423526605,500224
1775423526607,500224
1775423526608,500224
1775423526609,500224
1775423526611,500224
1775423526617,500224
1775423526619,500224
1775423526621,500224
1775423526623,500224
1775423526626,500224
1775423526628,500224
1775423526629,500224
1775423526631,500224
1775423526632,500224
1775423526634,500224
1775423526635,500224
1775423526642,500224
1775423526646,500224
1775423526648,500224
1775423526651,500224
1775423526653,500224
1775423526968,500224
1775423526971,500224
1775423526980,500224
1775423526984,500224
1775423526987,500224
1775423526990,500224
1775423526992,500224
1775423526995,500224
1775423526998,500224
1775423527001,500224
1775423527003,500224
1775423527006,500224
1775423527009,500224
1775423527010,500224
1775423527012,500224
1775423527014,500224
1775423527016,500224
1775423527018,500224
1775423527021,500224
1775423527024,500224
1775423527026,500224
1775423527028,500224
1775423527029,500224
1775423527031,500224
1775423527032,500224
1775423527033,500224
1775423527037,500224
1775423527039,500224
1775423527041,500224
1775423527042,500224
1775423527044,500224
1775423527045,500224
1775423527046,500224
1775423527048,500224
1775423527051,500224
1775423527054,500224
1775423527058,500224
1775423527062,500224
1775423527064,500224
1775423527066,500224
1775423527070,500224
1775423527074,500224
1775423527077,500224
1775423527079,500224
1775423527082,500224
1775423527085,500224
1775423527088,500224
1775423527091,500224
1775423527093,500224
1775423527096,500224
1775423527099,500224
1775423527101,500224
1775423527103,500224
1775423527105,500224
1775423527107,500224
1775423527109,500224
1775423527119,500224
1775423527123,500224
1775423527125,500224
1775423527128,500224
1775423527133,500224
1775423527136,500224
1775423527139,500224
1775423527142,500224
1775423527144,500224
1775423527146,500224
1775423527149,500224
1775423527150,500224
1775423527153,500224
1775423527155,500224
1775423527157,500224
1775423527159,500224
1775423527161,500224
1775423527163,500224
1775423527165,500224
1775423527168,500224
1775423527170,500224
1775423527174,500224
1775423527176,500224
1775423527179,500224
1775423527181,500224
1775423527184,500224
1775423527186,500224
1775423527188,500224
1775423527190,500224
1775423527191,500224
1775423527193,500224
1775423527194,500224
1775423527195,500224
1775423527196,500224
1775423527198,500224
1775423527199,500224
1775423527201,500224
1775423527202,500224
1775423527204,500224
1775423527205,500224
1775423527207,500224
1775423527208,500224
1775423527210,500224
1775423527211,500224
1775423527213,500224
1775423527214,500224
1775423527215,500224
1775423527216,500224
1775423527218,500224
1775423527219,500224
1775423527220,500224
1775423527222,500224
1775423527570,500224
1775423527576,500224
1775423527590,500224
1775423527593,500224
1775423527595,500224
1775423527598,500224
1775423527600,500224
1775423527603,500224
1775423527605,500224
1775423527607,500224
1775423527609,500224
1775423527611,500224
1775423527613,500224
1775423527617,500224
1775423527620,500224
1775423527623,500224
1775423527625,500224
1775423527628,500224
1775423527635,500224
1775423527638,500224
1775423527640,500224
1775423527642,500224
1775423527644,500224
1775423527647,500224
1775423527649,500224
1775423527650,500224
1775423527653,500224
1775423527654,500224
1775423527656,500224
1775423527659,500224
1775423527661,500224
1775423527663,500224
1775423527664,500224
1775423527665,500224
1775423527666,500224
1775423527669,500224
1775423527670,500224
1775423527673,500224
1775423527676,500224
1775423527678,500224
1775423527681,500224
1775423527684,500224
1775423527686,500224
1775423527689,500224
1775423527691,500224
1775423527692,500224
1775423527693,500224
1775423527695,500224
1775423527697,500224
1775423527698,500224
1775423527700,500224
1775423527701,500224
1775423527705,500224
1775423527707,500224
1775423527714,500224
1775423527717,500224
1775423527723,500224
1775423527726,500224
1775423527729,500224
1775423527731,500224
1775423527732,500224
1775423527734,500224
1775423527737,500224
1775423527739,500224
1775423527741,500224
1775423527743,500224
1775423527745,500224
1775423527747,500224
1775423527749,500224
1775423527752,500224
1775423527754,500224
1775423527756,500224
1775423527757,500224
1775423527759,500224
1775423527761,500224
1775423527763,500224
1775423527764,500224
1775423527765,500224
1775423527769,500224
1775423527770,500224
1775423527771,500224
1775423527773,500224
1775423527775,500224
1775423527776,500224
1775423527777,500224
1775423527778,500224
1775423527780,500224
1775423527781,500224
1775423527782,500224
1775423527783,500224
1775423527785,500224
1775423527786,500224
1775423527787,500224
1775423527788,500224
1775423527790,500224
1775423527791,500224
1775423527792,500224
1775423527793,500224
1775423527795,500224
1775423527801,500224
1775423527807,500224
1775423527818,500224
1775423527821,500224
1775423527823,500224
1775423527826,500224
1775423527828,500224
1775423527830,500224
1775423527832,500224
1775423528169,500224
1775423528171,500224
1775423528173,500224
1775423528175,500224
1775423528177,500224
1775423528179,500224
1775423528181,500224
1775423528184,500224
1775423528187,500224
1775423528207,500224
1775423528210,500224
1775423528212,500224
1775423528215,500224
1775423528217,500224
1775423528225,500224
1775423528228,500224
1775423528233,500224
1775423528236,500224
1775423528239,500224
1775423528241,500224
1775423528245,500224
1775423528248,500224
1775423528250,500224
1775423528253,500224
1775423528256,500224
1775423528259,500224
1775423528261,500224
1775423528266,500224
1775423528268,500224
1775423528271,500224
1775423528274,500224
1775423528276,500224
1775423528278,500224
1775423528281,500224
1775423528283,500224
1775423528286,500224
1775423528288,500224
1775423528290,500224
1775423528292,500224
1775423528294,500224
1775423528296,500224
1775423528303,500224
1775423528305,500224
1775423528308,500224
1775423528312,500224
1775423528317,500224
1775423528320,500224
1775423528323,500224
1775423528325,500224
1775423528328,500224
1775423528330,500224
1775423528332,500224
1775423528334,500224
1775423528336,500224
1775423528339,500224
1775423528343,500224
1775423528351,500224
1775423528360,500224
1775423528362,500224
1775423528364,500224
1775423528366,500224
1775423528368,500224
1775423528370,500224
1775423528373,500224
1775423528376,500224
1775423528379,500224
1775423528381,500224
1775423528384,500224
1775423528386,500224
1775423528387,500224
1775423528389,500224
1775423528391,500224
1775423528393,500224
1775423528394,500224
1775423528396,500224
1775423528398,500224
1775423528400,500224
1775423528402,500224
1775423528404,500224
1775423528406,500224
1775423528408,500224
1775423528409,500224
1775423528411,500224
1775423528413,500224
1775423528415,500224
1775423528418,500224
1775423528420,500224
1775423528422,500224
1775423528424,500224
1775423528426,500224
1775423528428,500224
1775423528429,500224
1775423528431,500224
1775423528433,500224
1775423528435,500224
1775423528436,500224
1775423528438,500224
1775423528440,500224
1775423528443,500224
1775423528444,500224
1775423528446,500224
1775423528447,500224
1775423528448,500224
1775423528455,500224
1775423528457,500224
1775423528459,500224
1775423528462,500224
1775423528463,500224
1775423528465,500224
1775423528467,500224
1775423528468,500224
1775423528469,500224
1775423528471,500224
1775423528472,500224
1775423528474,500224
1775423528475,500224
1775423528477,500224
1775423528479,500224
1775423528486,500224
1775423528489,500224
1775423528491,500224
1775423528494,500224
1775423528496,500224
1775423528498,500224
1775423528501,500224
1775423528503,500224
1775423528505,500224
1775423528777,500224
1775423528780,500224
1775423528782,500224
1775423528785,500224
1775423528787,500224
1775423528792,500224
1775423528794,500224
1775423528801,500224
1775423528804,500224
1775423528807,500224
1775423528809,500224
1775423528812,500224
1775423528815,500224
1775423528817,500224
1775423528822,500224
1775423528825,500224
1775423528829,500224
1775423528831,500224
1775423528833,500224
1775423528835,500224
1775423528838,500224
1775423528840,500224
1775423528842,500224
1775423528845,500224
1775423528847,500224
1775423528849,500224
1775423528851,500224
1775423528857,500224
1775423528860,500224
1775423528862,500224
1775423528870,500224
1775423528873,500224
1775423528876,500224
1775423528879,500224
1775423528881,500224
1775423528884,500224
1775423528887,500224
1775423528889,500224
1775423528891,500224
1775423528893,500224
1775423528895,500224
1775423528897,500224
1775423528899,500224
1775423528901,500224
1775423528902,500224
1775423528905,500224
1775423528907,500224
1775423528909,500224
1775423528911,500224
1775423528912,500224
1775423528914,500224
1775423528917,500224
1775423528918,500224
1775423528924,500224
1775423528926,500224
1775423528928,500224
1775423528930,500224
1775423528932,500224
1775423528933,500224
1775423528935,500224
1775423528936,500224
1775423528938,500224
1775423528939,500224
1775423528940,500224
1775423528942,500224
1775423528944,500224
1775423528945,500224
1775423528947,500224
1775423528948,500224
1775423528949,500224
1775423528952,500224
1775423528954,500224
1775423528956,500224
1775423528958,500224
1775423528960,500224
1775423528962,500224
1775423528964,500224
1775423528966,500224
1775423528968,500224
1775423528969,500224
1775423528971,500224
1775423528973,500224
1775423528974,500224
1775423528976,500224
1775423528978,500224
1775423528981,500224
1775423528983,500224
1775423528985,500224
1775423528988,500224
1775423528990,500224
1775423528993,500224
1775423528996,500224
1775423528999,500224
1775423529001,500224
1775423529004,500224
1775423529006,500224
1775423529009,500224
1775423529012,500224
1775423529014,500224
1775423529017,500224
1775423529020,500224
1775423529377,500224
1775423529383,500224
1775423529385,500224
1775423529386,500224
1775423529388,500224
1775423529393,500224
1775423529396,500224
1775423529403,500224
1775423529411,500224
1775423529413,500224
1775423529416,500224
1775423529418,500224
1775423529421,500224
1775423529423,500224
1775423529425,500224
1775423529427,500224
1775423529429,500224
1775423529431,500224
1775423529433,500224
1775423529435,500224
1775423529436,500224
1775423529439,500224
1775423529442,500224
1775423529444,500224
1775423529446,500224
1775423529447,500224
1775423529449,500224
1775423529450,500224
1775423529451,500224
1775423529453,500224
1775423529454,500224
1775423529455,500224
1775423529457,500224
1775423529458,500224
1775423529459,500224
1775423529460,500224
1775423529462,500224
1775423529466,500224
1775423529473,500224
1775423529476,500224
1775423529479,500224
1775423529481,500224
1775423529482,500224
1775423529486,500224
1775423529488,500224
1775423529491,500224
1775423529493,500224
1775423529494,500224
1775423529496,500224
1775423529498,500224
1775423529500,500224
1775423529502,500224
1775423529504,500224
1775423529522,500224
1775423529531,500224
1775423529532,500224
1775423529535,500224
1775423529539,500224
1775423529554,500224
1775423529557,500224
1775423529558,500224
1775423529561,500224
1775423529562,500224
1775423529564,500224
1775423529566,500224
1775423529567,500224
1775423529569,500224
1775423529570,500224
1775423529572,500224
1775423529574,500224
1775423529575,500224
1775423529577,500224
1775423529578,500224
1775423529580,500224
1775423529581,500224
1775423529582,500224
1775423529584,500224
1775423529585,500224
1775423529586,500224
1775423529588,500224
1775423529589,500224
1775423529591,500224
1775423529592,500224
1775423529594,500224
1775423529595,500224
1775423529596,500224
1775423529598,500224
1775423529599,500224
1775423529600,500224
1775423529602,500224
1775423529603,500224
1775423529604,500224
1775423529606,500224
1775423529607,500224
1775423529608,500224
1775423529609,500224
1775423529611,500224
1775423529612,500224
1775423529613,500224
1775423529615,500224
1775423529620,500224
1775423529623,500224
1775423529625,500224
1775423529628,500224
1775423529631,500224
1775423529633,500224
1775423529642,500224
1775423529645,500224
1775423529648,500224
1775423529650,500224
1775423529653,500224
1775423529656,500224
1775423529659,500224
1775423529661,500224
1775423529664,500224
1775423529671,500224
1775423529679,500224
1775423529683,500224
1775423529686,500224
1775423529688,500224
1775423529691,500224
1775423529693,500224
1775423529979,500224
1775423529982,500224
1775423529985,500224
1775423529988,500224
1775423529990,500224
1775423529997,500224
1775423530000,500224
1775423530003,500224
1775423530005,500224
1775423530008,500224
1775423530011,500224
1775423530013,500224
1775423530016,500224
1775423530018,500224
1775423530021,500224
1775423530024,500224
1775423530026,500224
1775423530029,500224
1775423530031,500224
1775423530033,500224
1775423530036,500224
1775423530038,500224
1775423530039,500224
1775423530041,500224
1775423530043,500224
1775423530044,500224
1775423530046,500224
1775423530048,500224
1775423530049,500224
1775423530051,500224
1775423530053,500224
1775423530054,500224
1775423530056,500224
1775423530057,500224
1775423530059,500224
1775423530060,500224
1775423530062,500224
1775423530063,500224
1775423530065,500224
1775423530067,500224
1775423530068,500224
1775423530072,500224
1775423530073,500224
1775423530076,500224
1775423530079,500224
1775423530080,500224
1775423530082,500224
1775423530083,500224
1775423530084,500224
1775423530085,500224
1775423530087,500224
1775423530089,500224
1775423530091,500224
1775423530092,500224
1775423530093,500224
1775423530095,500224
1775423530096,500224
1775423530097,500224
1775423530100,500224
1775423530103,500224
1775423530106,500224
1775423530108,500224
1775423530115,500224
1775423530120,500224
1775423530128,500224
1775423530134,500224
1775423530136,500224
1775423530138,500224
1775423530140,500224
1775423530142,500224
1775423530143,500224
1775423530147,500224
1775423530149,500224
1775423530152,500224
1775423530155,500224
1775423530159,500224
1775423530162,500224
1775423530165,500224
1775423530167,500224
1775423530170,500224
1775423530172,500224
1775423530174,500224
1775423530176,500224
1775423530178,500224
1775423530181,500224
1775423530183,500224
1775423530185,500224
1775423530187,500224
1775423530188,500224
1775423530190,500224
1775423530192,500224
1775423530193,500224
1775423530195,500224
1775423530196,500224
1775423530198,500224
1775423530199,500224
1775423530200,500224
1775423530202,500224
1775423530203,500224
1775423530204,500224
1775423530206,500224
1775423530207,500224
1775423530208,500224
1775423530210,500224
1775423530211,500224
1775423530214,500224
1775423530216,500224
1775423530218,500224
1775423530222,500224
1775423530225,500224
1775423530228,500224
1775423530230,500224
1775423530233,500224
1775423530577,500224
1775423530580,500224
1775423530583,500224
1775423530586,500224
1775423530590,500224
1775423530592,500224
1775423530595,500224
1775423530603,500224
1775423530607,500224
1775423530610,500224
1775423530612,500224
1775423530615,500224
1775423530618,500224
1775423530620,500224
1775423530623,500224
1775423530626,500224
1775423530631,500224
1775423530635,500224
1775423530638,500224
1775423530642,500224
1775423530645,500224
1775423530648,500224
1775423530650,500224
1775423530653,500224
1775423530655,500224
1775423530657,500224
1775423530660,500224
1775423530662,500224
1775423530664,500224
1775423530666,500224
1775423530668,500224
1775423530670,500224
1775423530672,500224
1775423530673,500224
1775423530675,500224
1775423530678,500224
1775423530680,500224
1775423530683,500224
1775423530686,500224
1775423530690,500224
1775423530692,500224
1775423530695,500224
1775423530697,500224
1775423530700,500224
1775423530702,500224
1775423530704,500224
1775423530707,500224
1775423530710,500224
1775423530713,500224
1775423530716,500224
1775423530718,500224
1775423530721,500224
1775423530724,500224
1775423530727,500224
1775423530730,500224
1775423530732,500224
1775423530735,500224
1775423530743,500224
1775423530745,500224
1775423530748,500224
1775423530752,500224
1775423530754,500224
1775423530757,500224
1775423530760,500224
1775423530764,500224
1775423530767,500224
1775423530771,500224
1775423530773,500224
1775423530775,500224
1775423530777,500224
1775423530778,500224
1775423530780,500224
1775423530781,500224
1775423530783,500224
1775423530785,500224
1775423530787,500224
1775423530788,500224
1775423530792,500224
1775423530794,500224
1775423530796,500224
1775423530798,500224
1775423530800,500224
1775423530802,500224
1775423530804,500224
1775423530806,500224
1775423530808,500224
1775423530811,500224
1775423530812,500224
1775423530814,500224
1775423530816,500224
1775423530817,500224
1775423530819,500224
1775423530820,500224
1775423530822,500224
1775423530823,500224
1775423530827,500224
1775423530828,500224
1775423530831,500224
1775423530832,500224
1775423530833,500224
1775423531176,500224
1775423531179,500224
1775423531182,500224
1775423531190,500224
1775423531194,500224
1775423531197,500224
1775423531199,500224
1775423531202,500224
1775423531205,500224
1775423531208,500224
1775423531209,500224
1775423531212,500224
1775423531216,500224
1775423531219,500224
1775423531221,500224
1775423531226,500224
1775423531229,500224
1775423531230,500224
1775423531232,500224
1775423531234,500224
1775423531235,500224
1775423531237,500224
1775423531238,500224
1775423531240,500224
1775423531241,500224
1775423531244,500224
1775423531247,500224
1775423531252,500224
1775423531254,500224
1775423531256,500224
1775423531258,500224
1775423531265,500224
1775423531268,500224
1775423531272,500224
1775423531274,500224
1775423531277,500224
1775423531280,500224
1775423531283,500224
1775423531286,500224
1775423531288,500224
1775423531292,500224
1775423531295,500224
1775423531298,500224
1775423531301,500224
1775423531304,500224
1775423531306,500224
1775423531309,500224
1775423531312,500224
1775423531314,500224
1775423531318,500224
1775423531320,500224
1775423531329,500224
1775423531331,500224
1775423531334,500224
1775423531337,500224
1775423531339,500224
1775423531343,500224
1775423531346,500224
1775423531348,500224
1775423531351,500224
1775423531354,500224
1775423531357,500224
1775423531360,500224
1775423531362,500224
1775423531366,500224
1775423531369,500224
1775423531371,500224
1775423531374,500224
1775423531376,500224
1775423531378,500224
1775423531382,500224
1775423531385,500224
1775423531388,500224
1775423531391,500224
1775423531393,500224
1775423531396,500224
1775423531399,500224
1775423531401,500224
1775423531403,500224
1775423531405,500224
1775423531407,500224
1775423531411,500224
1775423531413,500224
1775423531415,500224
1775423531416,500224
1775423531421,500224
1775423531423,500224
1775423531425,500224
1775423531428,500224
1775423531430,500224
1775423531432,500224
1775423531433,500224
1775423531434,500224
1775423531436,500224
1775423531437,500224
1775423531440,500224
1775423531443,500224
1775423531776,500224
1775423531780,500224
1775423531783,500224
1775423531787,500224
1775423531796,500224
1775423531798,500224
1775423531800,500224
1775423531802,500224
1775423531805,500224
1775423531807,500224
1775423531809,500224
1775423531812,500224
1775423531815,500224
1775423531818,500224
1775423531820,500224
1775423531822,500224
1775423531825,500224
1775423531827,500224
1775423531830,500224
1775423531832,500224
1775423531837,500224
1775423531840,500224
1775423531842,500224
1775423531846,500224
1775423531847,500224
1775423531849,500224
1775423531850,500224
1775423531851,500224
1775423531853,500224
1775423531854,500224
1775423531856,500224
1775423531857,500224
1775423531858,500224
1775423531860,500224
1775423531861,500224
1775423531865,500224
1775423531866,500224
1775423531868,500224
1775423531869,500224
1775423531876,500224
1775423531883,500224
1775423531886,500224
1775423531889,500224
1775423531892,500224
1775423531894,500224
1775423531897,500224
1775423531900,500224
1775423531902,500224
1775423531904,500224
1775423531907,500224
1775423531909,500224
1775423531911,500224
1775423531913,500224
1775423531915,500224
1775423531918,500224
1775423531922,500224
1775423531926,500224
1775423531929,500224
1775423531933,500224
1775423531934,500224
1775423531936,500224
1775423531937,500224
1775423531939,500224
1775423531940,500224
1775423531941,500224
1775423531943,500224
1775423531944,500224
1775423531946,500224
1775423531947,500224
1775423531948,500224
1775423531950,500224
1775423531952,500224
1775423531954,500224
1775423531955,500224
1775423531957,500224
1775423531959,500224
1775423531961,500224
1775423531963,500224
1775423531964,500224
1775423531966,500224
1775423531968,500224
1775423531970,500224
1775423531972,500224
1775423531974,500224
1775423531976,500224
1775423531978,500224
1775423531979,500224
1775423531981,500224
1775423531983,500224
1775423531985,500224
1775423531986,500224
1775423531988,500224
1775423531990,500224
1775423531991,500224
1775423531992,500224
1775423531993,500224
1775423531995,500224
1775423531996,500224
1775423531998,500224
1775423531999,500224
1775423532000,500224
1775423532002,500224
1775423532003,500224
1775423532004,500224
1775423532006,500224
1775423532007,500224
1775423532014,500224
1775423532015,500224
1775423532017,500224
1775423532018,500224
1775423532020,500224
1775423532021,500224
1775423532381,500224
1775423532385,500224
1775423532388,500224
1775423532390,500224
1775423532393,500224
1775423532396,500224
1775423532399,500224
1775423532402,500224
1775423532406,500224
1775423532408,500224
1775423532411,500224
1775423532414,500224
1775423532416,500224
1775423532419,500224
1775423532421,500224
1775423532426,500224
1775423532428,500224
1775423532431,500224
1775423532433,500224
1775423532439,500224
1775423532441,500224
1775423532444,500224
1775423532446,500224
1775423532449,500224
1775423532454,500224
1775423532458,500224
1775423532460,500224
1775423532463,500224
1775423532466,500224
1775423532468,500224
1775423532472,500224
1775423532475,500224
1775423532478,500224
1775423532482,500224
1775423532485,500224
1775423532487,500224
1775423532490,500224
1775423532493,500224
1775423532496,500224
1775423532498,500224
1775423532500,500224
1775423532508,500224
1775423532509,500224
1775423532511,500224
1775423532514,500224
1775423532519,500224
1775423532522,500224
1775423532524,500224
1775423532527,500224
1775423532530,500224
1775423532537,500224
1775423532539,500224
1775423532544,500224
1775423532547,500224
1775423532550,500224
1775423532553,500224
1775423532555,500224
1775423532557,500224
1775423532560,500224
1775423532562,500224
1775423532565,500224
1775423532568,500224
1775423532570,500224
1775423532572,500224
1775423532575,500224
1775423532577,500224
1775423532579,500224
1775423532581,500224
1775423532584,500224
1775423532586,500224
1775423532588,500224
1775423532589,500224
1775423532591,500224
1775423532594,500224
1775423532595,500224
1775423532597,500224
1775423532598,500224
1775423532600,500224
1775423532601,500224
1775423532603,500224
1775423532604,500224
1775423532606,500224
1775423532608,500224
1775423532610,500224
1775423532611,500224
1775423532617,500224
1775423532620,500224
1775423532622,500224
1775423532623,500224
1775423532980,500224
1775423532984,500224
1775423532987,500224
1775423532990,500224
1775423532992,500224
1775423532995,500224
1775423532997,500224
1775423533000,500224
1775423533002,500224
1775423533004,500224
1775423533006,500224
1775423533008,500224
1775423533009,500224
1775423533011,500224
1775423533013,500224
1775423533016,500224
1775423533019,500224
1775423533021,500224
1775423533024,500224
1775423533027,500224
1775423533030,500224
1775423533033,500224
1775423533034,500224
1775423533036,500224
1775423533037,500224
1775423533039,500224
1775423533040,500224
1775423533042,500224
1775423533057,500224
1775423533061,500224
1775423533065,500224
1775423533068,500224
1775423533071,500224
1775423533075,500224
1775423533078,500224
1775423533081,500224
1775423533083,500224
1775423533086,500224
1775423533088,500224
1775423533090,500224
1775423533094,500224
1775423533102,500224
1775423533110,500224
1775423533113,500224
1775423533116,500224
1775423533119,500224
1775423533120,500224
1775423533122,500224
1775423533123,500224
1775423533125,500224
1775423533126,500224
1775423533128,500224
1775423533129,500224
1775423533130,500224
1775423533132,500224
1775423533133,500224
1775423533134,500224
1775423533135,500224
1775423533138,500224
1775423533141,500224
1775423533144,500224
1775423533146,500224
1775423533148,500224
1775423533151,500224
1775423533153,500224
1775423533156,500224
1775423533158,500224
1775423533161,500224
1775423533165,500224
1775423533169,500224
1775423533171,500224
1775423533174,500224
1775423533176,500224
1775423533177,500224
1775423533181,500224
1775423533184,500224
1775423533187,500224
1775423533189,500224
1775423533191,500224
1775423533194,500224
1775423533196,500224
1775423533198,500224
1775423533200,500224
1775423533202,500224
1775423533205,500224
1775423533207,500224
1775423533210,500224
1775423533213,500224
1775423533215,500224
1775423533218,500224
1775423533221,500224
1775423533223,500224
1775423533229,500224
1775423533232,500224
1775423533583,500224
1775423533586,500224
1775423533590,500224
1775423533593,500224
1775423533596,500224
1775423533599,500224
1775423533602,500224
1775423533604,500224
1775423533607,500224
1775423533610,500224
1775423533612,500224
1775423533615,500224
1775423533618,500224
1775423533620,500224
1775423533623,500224
1775423533626,500224
1775423533629,500224
1775423533632,500224
1775423533635,500224
1775423533637,500224
1775423533641,500224
1775423533644,500224
1775423533648,500224
1775423533651,500224
1775423533654,500224
1775423533656,500224
1775423533659,500224
1775423533662,500224
1775423533670,500224
1775423533673,500224
1775423533676,500224
1775423533678,500224
1775423533681,500224
1775423533684,500224
1775423533699,500224
1775423533701,500224
1775423533703,500224
1775423533705,500224
1775423533706,500224
1775423533708,500224
1775423533710,500224
1775423533711,500224
1775423533713,500224
1775423533714,500224
1775423533716,500224
1775423533717,500224
1775423533719,500224
1775423533720,500224
1775423533722,500224
1775423533723,500224
1775423533724,500224
1775423533727,500224
1775423533729,500224
1775423533732,500224
1775423533733,500224
1775423533735,500224
1775423533737,500224
1775423533739,500224
1775423533743,500224
1775423533745,500224
1775423533747,500224
1775423533748,500224
1775423533750,500224
1775423533751,500224
1775423533753,500224
1775423533754,500224
1775423533756,500224
1775423533757,500224
1775423533759,500224
1775423533760,500224
1775423533762,500224
1775423533764,500224
1775423533765,500224
1775423533767,500224
1775423533769,500224
1775423533771,500224
1775423533774,500224
1775423533776,500224
1775423533779,500224
1775423533781,500224
1775423533784,500224
1775423533786,500224
1775423533788,500224
1775423533790,500224
1775423533793,500224
1775423533795,500224
1775423533797,500224
1775423533799,500224
1775423533801,500224
1775423533805,500224
1775423533808,500224
1775423533810,500224
1775423533811,500224
1775423533814,500224
1775423534180,500224
1775423534185,500224
1775423534190,500224
1775423534193,500224
1775423534195,500224
1775423534198,500224
1775423534200,500224
1775423534202,500224
1775423534204,500224
1775423534206,500224
1775423534209,500224
1775423534212,500224
1775423534215,500224
1775423534218,500224
1775423534221,500224
1775423534224,500224
1775423534227,500224
1775423534230,500224
1775423534233,500224
1775423534235,500224
1775423534236,500224
1775423534239,500224
1775423534240,500224
1775423534242,500224
1775423534243,500224
1775423534244,500224
1775423534245,500224
1775423534250,500224
1775423534255,500224
1775423534257,500224
1775423534260,500224
1775423534264,500224
1775423534270,500224
1775423534272,500224
1775423534275,500224
1775423534278,500224
1775423534282,500224
1775423534285,500224
1775423534288,500224
1775423534289,500224
1775423534291,500224
1775423534292,500224
1775423534294,500224
1775423534296,500224
1775423534298,500224
1775423534299,500224
1775423534300,500224
1775423534302,500224
1775423534303,500224
1775423534305,500224
1775423534306,500224
1775423534308,500224
1775423534309,500224
1775423534312,500224
1775423534314,500224
1775423534315,500224
1775423534317,500224
1775423534319,500224
1775423534328,500224
1775423534336,500224
1775423534340,500224
1775423534343,500224
1775423534345,500224
1775423534348,500224
1775423534351,500224
1775423534353,500224
1775423534355,500224
1775423534356,500224
1775423534359,500224
1775423534366,500224
1775423534368,500224
1775423534371,500224
1775423534373,500224
1775423534375,500224
1775423534378,500224
1775423534382,500224
1775423534385,500224
1775423534388,500224
1775423534390,500224
1775423534392,500224
1775423534394,500224
1775423534396,500224
1775423534397,500224
1775423534399,500224
1775423534401,500224
1775423534403,500224
1775423534406,500224
1775423534408,500224
1775423534410,500224
1775423534413,500224
1775423534415,500224
1775423534418,500224
1775423534421,500224
1775423534424,500224
1775423534427,500224
1775423534429,500224
1775423534432,500224
1775423534435,500224
1775423534437,500224
1775423534440,500224
1775423534442,500224
1775423534445,500224
1775423534447,500224
1775423534449,500224
1775423534451,500224
1775423534453,500224
1775423534781,500224
1775423534784,500224
1775423534787,500224
1775423534792,500224
1775423534794,500224
1775423534799,500224
1775423534802,500224
1775423534806,500224
1775423534808,500224
1775423534812,500224
1775423534815,500224
1775423534818,500224
1775423534821,500224
1775423534823,500224
1775423534826,500224
1775423534829,500224
1775423534833,500224
1775423534834,500224
1775423534839,500224
1775423534842,500224
1775423534845,500224
1775423534847,500224
1775423534849,500224
1775423534850,500224
1775423534852,500224
1775423534853,500224
1775423534854,500224
1775423534856,500224
1775423534865,500224
1775423534878,500224
1775423534882,500224
1775423534884,500224
1775423534887,500224
1775423534890,500224
1775423534892,500224
1775423534895,500224
1775423534898,500224
1775423534900,500224
1775423534903,500224
1775423534906,500224
1775423534909,500224
1775423534912,500224
1775423534914,500224
1775423534917,500224
1775423534919,500224
1775423534923,500224
1775423534926,500224
1775423534929,500224
1775423534931,500224
1775423534934,500224
1775423534937,500224
1775423534940,500224
1775423534942,500224
1775423534945,500224
1775423534947,500224
1775423534950,500224
1775423534952,500224
1775423534954,500224
1775423534956,500224
1775423534958,500224
1775423534960,500224
1775423534962,500224
1775423534964,500224
1775423534965,500224
1775423534967,500224
1775423534969,500224
1775423534973,500224
1775423534975,500224
1775423534976,500224
1775423534979,500224
1775423534982,500224
1775423534989,500224
1775423534992,500224
1775423534995,500224
1775423534998,500224
1775423535000,500224
1775423535003,500224
1775423535006,500224
1775423535008,500224
1775423535011,500224
1775423535014,500224
1775423535017,500224
1775423535021,500224
1775423535024,500224
1775423535026,500224
1775423535028,500224
1775423535030,500224
1775423535032,500224
1775423535034,500224
1775423535036,500224
1775423535038,500224
1775423535040,500224
1775423535041,500224
1775423535043,500224
1775423535044,500224
1775423535047,500224
1775423535050,500224
1775423535052,500224
1775423535054,500224
1775423535057,500224
1775423535061,500224
1775423535064,500224
1775423535066,500224
1775423535069,500224
1775423535072,500224
1775423535388,500224
1775423535391,500224
1775423535396,500224
1775423535398,500224
1775423535401,500224
1775423535410,500224
1775423535415,500224
1775423535417,500224
1775423535419,500224
1775423535421,500224
1775423535425,500224
1775423535428,500224
1775423535430,500224
1775423535433,500224
1775423535435,500224
1775423535438,500224
1775423535441,500224
1775423535443,500224
1775423535446,500224
1775423535449,500224
1775423535451,500224
1775423535454,500224
1775423535457,500224
1775423535459,500224
1775423535462,500224
1775423535465,500224
1775423535475,500224
1775423535478,500224
1775423535481,500224
1775423535484,500224
1775423535487,500224
1775423535489,500224
1775423535492,500224
1775423535494,500224
1775423535497,500224
1775423535498,500224
1775423535500,500224
1775423535502,500224
1775423535505,500224
1775423535508,500224
1775423535509,500224
1775423535513,500224
1775423535515,500224
1775423535516,500224
1775423535518,500224
1775423535520,500224
1775423535522,500224
1775423535523,500224
1775423535525,500224
1775423535527,500224
1775423535528,500224
1775423535530,500224
1775423535531,500224
1775423535533,500224
1775423535534,500224
1775423535536,500224
1775423535537,500224
1775423535539,500224
1775423535540,500224
1775423535542,500224
1775423535543,500224
1775423535545,500224
1775423535546,500224
1775423535548,500224
1775423535550,500224
1775423535553,500224
1775423535554,500224
1775423535556,500224
1775423535557,500224
1775423535559,500224
1775423535561,500224
1775423535564,500224
1775423535567,500224
1775423535570,500224
1775423535573,500224
1775423535575,500224
1775423535577,500224
1775423535579,500224
1775423535581,500224
1775423535582,500224
1775423535584,500224
1775423535587,500224
1775423535589,500224
1775423535591,500224
1775423535988,500224
1775423535991,500224
1775423535993,500224
1775423535996,500224
1775423535999,500224
1775423536001,500224
1775423536004,500224
1775423536007,500224
1775423536010,500224
1775423536013,500224
1775423536016,500224
1775423536018,500224
1775423536022,500224
1775423536025,500224
1775423536028,500224
1775423536030,500224
1775423536033,500224
1775423536035,500224
1775423536038,500224
1775423536041,500224
1775423536043,500224
1775423536046,500224
1775423536049,500224
1775423536051,500224
1775423536053,500224
1775423536056,500224
1775423536058,500224
1775423536060,500224
1775423536066,500224
1775423536069,500224
1775423536071,500224
1775423536078,500224
1775423536082,500224
1775423536084,500224
1775423536086,500224
1775423536088,500224
1775423536090,500224
1775423536091,500224
1775423536098,500224
1775423536100,500224
1775423536102,500224
1775423536104,500224
1775423536106,500224
1775423536107,500224
1775423536109,500224
